temperature,vibration,current,failure
67.45071229516849,3.649643450051237,7.409519185105198,0
57.92603548243223,4.710962658568964,9.906389533182749,0
69.71532807151038,3.415160158000077,10.05405061613334,0
82.84544784612038,4.384076940721919,11.417891037530216,1
56.48769937914996,1.2127706660924287,5.899424910157521,0
56.487945645762295,5.426587414745877,11.777701821541992,0
83.68819223261087,5.002410950724449,1.886825105191674,1
71.51152093729362,3.3658227378636187,8.110346342908569,0
52.95788421097572,6.31849133686481,8.535178472645367,0
68.13840065378947,6.875140275253116,11.899980478213715,0
53.04873460781307,1.7848802712620517,10.067892558030607,0
53.01405369644615,3.4745504428675718,5.78331083843114,0
63.629434073490515,3.4617153004254035,7.045020622548955,0
31.300796330133032,3.120193797782271,10.596040028642221,0
34.12623251230451,6.658949683863497,9.76279797440633,0
51.56568706138541,4.612347722454393,8.26262767109276,0
44.80753319498364,4.470970317378779,8.557498631464062,0
64.71370998892911,0.9922752711864931,12.088503991477868,0
46.37963886718184,6.2708360604184525,8.446922281392355,0
38.81544447997062,2.521483210293055,9.73572626791278,0
81.98473153382331,5.119865260532657,16.50980976424163,1
56.61335549270196,5.554753875916384,5.728952089348231,0
61.012923070318855,7.7213171916773025,4.444471805276024,0
38.62877720679815,2.382359201761776,12.350768994395821,0
51.834259132122256,-1.0390243116416507,7.96407081611769,0
61.663838845647994,5.36769908950739,9.045287416772139,0
42.73509633866546,8.601022363021707,7.6565308656066575,1
65.63547027518509,7.477892705878874,9.220599577697463,0
50.99041965121793,5.419318830549251,14.795614336289024,0
55.62459375310085,4.0167276287359055,12.406385375854358,0
50.97440081655905,6.614245193274621,12.586670535660932,0
87.78417276763406,3.0529076005910625,5.751318832622063,1
59.79754162893099,5.952715538712439,6.546538790341392,0
44.13433606566149,6.010940318333254,1.4827640215437192,0
72.33817368154783,7.12041981499776,7.571857536751738,0
41.68734525043467,10.519320077822155,12.870109559156976,1
63.132953925071334,5.784831934357534,11.550839547245113,0
30.604948141803366,3.9820727485850025,9.335460211143628,0
40.07720926652354,4.9488513756160115,9.93309914884584,0
62.952918538036855,1.4618481902217635,7.933343372273783,0
71.07699869993115,3.6105737378218836,10.614276647205353,0
62.57052421784956,4.181435123773792,12.297634838441844,0
58.265275764176394,3.951823204130815,5.1523396377685815,0
55.48344456616067,5.304709744067444,10.898943063512045,0
37.82217014448859,3.355160135235599,12.797304612864002,0
49.20233687407937,7.242061334648943,8.754699133109892,0
53.09041843560319,5.000414129836394,12.10210183636175,0
75.85683339328374,4.981399357722771,18.44396333341766,1
65.15427434352692,4.344210566974164,9.686971621039325,0
33.554397669558995,5.310381367717958,11.179921150015971,0
64.86125954092192,6.650196529335269,7.785828749015826,0
54.22376579375525,3.2657395685781996,10.543753487806152,0
49.84616999541062,3.6837670218494867,11.380814874946912,0
69.17514433261302,4.3925479424466705,10.584527020810414,0
75.46499283743927,2.30825815305357,6.94091404087343,0
73.96920178674299,3.361484280557004,10.619085313976353,0
47.41173715166042,4.047558252910682,14.386587816152911,0
55.36181436223178,6.748778361425455,11.345907293543583,0
64.96895147105346,5.52512265800385,12.885961567215523,0
74.63317690683539,5.387179822735089,9.288964089962118,0
52.81238643232065,6.701795924335944,12.249700718271132,0
57.215115350042744,4.725256423201206,10.837803514649577,0
43.40497538990958,5.780929699857779,7.147267810938304,0
42.05690063878994,4.793556494135007,10.955563014396624,0
72.18788733591298,5.530724698799257,7.024910009679068,0
80.34360042856234,3.8344826847768356,8.101359175345625,1
58.91984817629499,0.12236568344714183,10.567984921877123,0
75.05299346838036,4.731441675627392,10.891732820140373,0
65.42454037571451,7.84549627219988,6.432302604768613,0
50.323203680923136,6.852430804483185,13.161957313548628,0
65.4209340826262,6.930794969182341,11.71601883490142,0
83.07054849698955,7.472261443612435,7.885814693167348,1
59.46260941335073,5.177315181922875,5.387245610652474,0
83.4696548372101,5.394631414811191,9.565286262755706,1
20.703823438653835,3.7646962091312997,8.66216885841652,0
72.32853756562835,4.3678542879459,10.339421371159068,0
61.30570602357257,6.231542299542284,8.9106500165333,0
55.51488974301199,7.407768874337632,3.9776294177649705,0
61.37641164803254,4.721107448638001,8.834959185096524,0
30.186466280986608,4.099621470297177,9.08314266679506,0
56.70492168243732,5.001055917713194,11.900983074322177,0
65.35668857267619,6.202413497858229,7.905400976166851,0
82.16841067112274,2.1122903677329163,15.036024020117699,1
52.22594672589529,0.40763809372552373,4.265078348044729,0
47.87259595660218,3.898926301016833,13.933502493407874,0
52.47364434623195,2.5585751481716827,9.327043087365686,0
73.73103176553111,3.983719604705378,12.578754617030668,0
64.93126664489526,4.704439362365057,10.239404452176199,0
52.05359694349442,4.093503181953973,13.418666608076407,0
67.69901149670034,7.904935068941491,8.837914106341566,0
61.456163240220604,5.65348952920464,6.704138724466564,0
74.52967485799334,5.600948719221657,14.26151286181319,0
49.469203591839715,6.244414288086804,9.659558062353577,0
55.085067801033475,2.7223337644384618,10.664675420872632,0
54.118377703017636,7.078223574840537,13.704255742134386,0
38.04727577801822,4.8484714269290805,6.9041342737166955,0
64.44180415596864,6.340961234482425,11.786472692917773,0
63.91582908269834,2.856285533919689,8.230315730611327,0
60.07670184963691,1.8924824679678713,9.603491933066884,0
56.481192999372794,6.6357793160500576,10.216836896152866,0
38.769438869243785,5.752819052195033,5.499334415659192,0
53.69032015851961,3.1958968912849794,7.6634888715386955,0
54.85928225209846,3.2606738374506112,14.053218677239418,0
47.96584096167572,7.250869568829539,12.658573565754388,0
57.580714325009865,2.6211762142653443,9.812081268018295,0
66.06076285221808,8.285345906511926,10.729370375538679,1
88.29278851815795,3.1987585307042625,9.117272483090627,1
62.61866719247759,6.276783851216766,14.069750157483947,0
63.86325586084146,4.3427630485020305,9.398942266617508,0
58.883311263507494,6.206374862164687,10.695526276404545,0
31.21843177051438,3.911771995771615,13.438090432426195,0
59.602291868261744,4.674414187855412,7.66788554546228,0
60.9034531491154,5.081838350791442,14.676367553490682,0
96.94863168727929,2.9956250884370546,5.408615770769869,1
57.114585528283165,6.4816486908402515,14.888926393338396,0
64.52321013500419,3.9735728670568298,8.881973248144076,0
59.47932345442135,4.542800169319963,9.271903756524155,0
42.46982943570702,3.0113012507829753,4.329969486451171,0
77.14234221772531,-0.124667317590621,8.635615847866921,0
71.27899549030161,4.617944474799662,6.880580406919347,0
71.8654792056457,9.825230843225832,8.177060963879581,1
46.35918817807892,6.569208575796048,9.588067102633362,0
81.04191466404149,4.961479240531211,12.873374843418716,1
38.97223405811579,4.474218341583464,10.622810054201878,0
68.80285640700406,5.044931785624093,10.923029960203342,0
92.85683438714968,6.09423823035042,6.713441833463313,1
45.14195512303968,2.6383743693823103,7.3577377311918095,0
51.50553405595842,7.228643389337744,15.396175055053936,1
61.49477047631462,6.430762630882488,7.7943968957102605,0
52.44786518825701,6.436371451415869,14.968624756171888,0
36.74004853400801,5.876951477619454,9.2708164033574,0
61.02844462209041,5.03923331538798,10.006863808430513,0
44.06544429410843,6.34572247193364,13.211095480689789,0
67.10388645952773,6.1836282674827565,13.81567726581597,0
46.20863648649295,4.2919185781179525,9.667562319162737,0
83.24901607526309,3.852796454206198,8.835270839435383,1
48.251200614956446,5.203712590523973,9.832238654433361,0
55.16907725691487,8.098040302990375,11.013872584696355,1
72.20275826054504,2.5217858486921982,12.673911060609267,0
41.53703525349067,2.06494946849512,10.012689576982455,0
63.41189901906194,5.329521682473033,11.856658894069461,0
79.60714131423643,5.101775403712036,14.915079196812822,0
35.88775148158159,5.346683328740816,11.143928836794354,0
62.769507877984566,5.487906395817,10.934958568014334,0
63.89824191372635,4.55359549073039,5.443267524729796,0
71.72734307665965,7.979726877204165,2.1078095895128097,0
41.44573933682877,1.798192043046969,11.165127187690505,0
40.193150803735854,3.343005950439508,9.715527306157384,0
67.82912348425347,4.793490479701905,8.455651975255774,0
64.45477009849779,1.7136223776916655,10.730590612559034,0
63.75739275518815,4.648291191135858,9.818788812409275,0
65.19672314245463,8.322940331456037,13.383340751901695,1
49.79962917632264,5.041772976591924,10.258332604776934,0
63.48380545741505,5.461401811437367,7.759230144789497,0
64.39608709948021,2.4796704696548395,12.970498716877866,0
49.28472872960448,3.767277183921045,9.348606775161393,0
87.98661766717134,4.249607239352126,11.579610051016921,1
67.10749381367681,4.364569806487532,8.567767881421599,0
42.13044754196027,7.563287590007537,8.050519343507691,0
69.84830412950744,6.115382121450249,10.252504690557089,0
45.379774946590175,2.777084086125936,10.038485930631055,0
71.80626905613678,5.49300955686401,11.4394811061005,0
77.37893368511106,5.99644349699357,9.194062740070773,0
47.68976522472434,7.2802980770425325,4.4909206486888085,0
74.45064193866483,8.161081373136748,8.701678349234834,1
66.19171390404748,2.9698116163442627,12.381455401431447,0
72.33090239991735,3.3782849775793236,9.10787176227068,0
88.4518947398092,2.4848442821707675,9.260849792456355,1
56.31917825995694,4.531960281786037,12.95912951771781,0
48.693957534637654,5.932716748892669,7.864080318223232,0
46.65728355561715,6.974669033178204,5.371590345271301,0
47.762845725518424,4.848097952714954,9.518106641423516,0
58.843474358788434,4.360304953490312,8.54747814625379,0
65.11727962224965,5.303515984497481,7.101261040740238,0
64.15036198995028,3.329714196739954,9.473864632303927,0
72.40774873554035,9.179077443389547,11.474516941740351,1
60.19502837816861,1.7846779457638826,9.972134315296552,0
81.80301115735975,5.369481157791449,10.920943218058714,1
56.03014750143066,9.04721243845928,15.44022309554627,1
100.80253749884429,5.013599689119996,8.971363415327307,1
69.3850102164751,4.619921929997011,10.83504590393401,0
47.14263665375576,4.285109154379145,8.472359912202597,0
43.93661252908332,4.639216636475185,7.460920840339082,0
67.23708622864778,7.745696949353061,8.245277039746691,0
56.64805822011223,0.5762761773409864,8.563724285434935,0
70.71000741138138,8.066867402592651,11.078427392641377,1
67.09856436860318,2.15208569509971,17.047227360102273,1
58.90756631014691,4.46669534153117,7.851869691172479,0
47.29809422897392,4.141511159402676,8.750124083153612,0
37.27729162971203,6.177106539541439,9.810630960666256,0
53.302275718994686,1.8037512962325049,11.187396546129241,0
72.84598191485209,5.9243453321638855,10.790652435864356,0
63.21140616195306,9.048619246573704,13.852287381844352,1
41.31391831932018,2.273651990814379,2.720823788394375,0
62.59771388776773,5.379412335220791,2.8392103894129814,0
65.77976069593255,3.676035644406782,8.512365483969552,0
46.74213845698301,5.851774412386072,13.291900562631126,0
62.305876589182915,5.038295554831504,5.303055905183211,0
60.87313077669,3.717026181911381,0.9771029809187279,0
42.85544553254066,5.975744569742148,11.713538218657625,0
65.36681040522424,8.608696219573487,10.730971671108144,1
68.41176789552351,4.618192416545402,6.729374779601711,0
76.24576864762915,6.439515884296364,7.04338119783721,0
75.80703078052355,2.4134540842576726,7.090768841095977,0
39.33495948064363,3.0871272463639823,10.331605952421821,0
45.93262440127316,5.9448125557607545,8.121054171450979,0
67.7255290081299,7.96823205707193,11.482191756926559,0
67.70678926368313,5.71122669757132,1.4361200112868264,0
67.72571529459071,4.373883938953691,7.429444404616602,0
117.79097235982081,4.998582810846708,6.621838117266849,1
68.5633576603975,2.499184532060565,9.230977964882523,0
77.03348460270898,6.209030652710734,8.385856724529585,0
74.31002645239803,6.764666124646818,12.3935313396873,0
69.77086876958697,4.095819334333839,4.4219896850198275,0
55.27096133039482,4.059915704480997,10.136474428992257,0
71.38453830739901,5.531756459304097,11.675009269635117,0
48.40762178193643,4.126560527918809,15.569942309685864,1
56.44772089889987,4.867734770748355,8.554702086719574,0
52.71954678256345,9.199443578333032,10.973375813057551,1
61.22811209079484,4.505948598508007,4.588411622312905,0
94.71987850010262,4.283319695957555,2.8241313870609286,1
31.99102211112378,3.7049163887296817,12.5343231273451,0
70.2939028556177,6.4883839429998735,9.983319119055789,0
35.80926193215522,4.637551653563794,13.535538069395269,0
52.9210220131585,3.701253923357148,5.879791333090752,0
76.33425895451049,7.642608064546025,11.559706418586257,0
60.96420028643194,7.839206009027274,15.60645352163156,1
43.83382833106041,3.7991528685225897,11.259116825071798,0
49.27044436110047,1.2669200972787675,10.829744516773147,0
70.19396623402014,7.015027379673844,10.02566824247305,0
49.04450052424295,3.630740348479992,5.287355628622263,0
63.246878843729625,6.581251198325537,14.066718807131044,0
60.68357759855721,1.059792364576329,8.167427080584803,0
50.22599478591275,6.785194676598619,11.513449769149052,0
92.15916133987989,2.5776561414384376,5.31089708028624,1
69.50878533477017,6.461528238133049,6.461621006476658,0
29.622861200135894,5.028546135672868,14.305262197666707,0
62.796814721541416,3.0921211612067103,8.958093133126471,0
50.07320302847418,4.185927374146439,14.359826428127633,0
72.78650002194335,6.372636913913402,9.765308022824447,0
48.11218892350949,5.211788906230469,4.474306681126428,0
58.278953377996515,6.168825960944968,12.676202799195162,0
67.57480918470685,8.95288116903097,8.230323046733176,1
72.98632791255181,1.8715167765778973,12.09606644055113,0
41.99555389416336,8.234425149937248,10.075632602620246,1
54.98248146238578,5.208711875046426,5.370645316171389,0
52.87582033258566,3.2024319033537436,10.492884296111708,0
50.200061511394324,2.3393727485220204,16.588669426458395,1
86.48181360421646,4.621759218445933,11.478959375543377,1
66.07472566441433,6.843300223848919,9.82744674098361,0
41.08674068497432,4.744901759244931,13.226030205870693,0
73.76792920582164,8.022309860494694,10.632005395609333,1
91.8323429551895,2.0976486198968822,10.628602690788384,1
75.4869789082672,4.975822104307891,6.725124483522692,0
37.2094505106898,2.495213111173762,10.701544077368794,0
52.73648890700623,5.727263765249936,13.106330249250835,0
79.00366723779933,6.773774780194601,7.4918135436999265,0
49.38495801571829,4.158476412637894,14.273487463740842,0
66.65729142219342,-0.20842771325426845,9.724881927564622,0
71.61951080144006,5.397896293592989,7.336691465384378,0
46.09604292632876,5.873477103467019,12.992896230760733,0
59.107119659073,5.8085895099233955,9.139617292785193,0
11.380989898963911,7.471564383644308,12.278544662458323,0
44.63418537998565,2.8578926407019023,9.124724103224388,0
56.2114777291026,6.360432210900899,9.820521569410289,0
41.28325227052726,7.385015024955949,11.480680613002875,0
84.48616955897452,1.4428248319869663,10.872691172770018,1
38.54787933059051,5.639303651837954,4.0134046586447845,0
53.39933269954524,3.991640337984657,6.636268779716825,0
61.96110865929137,4.836954653796708,12.788229954372447,0
81.61909933599173,5.695352967076673,9.603590233295359,1
38.46206773230841,4.025542871772895,8.428806091685734,0
77.4474562823244,3.6485838416767766,5.924277954227577,0
60.1534959152938,5.0683048349760496,6.760791036172455,0
45.27737023428074,2.8255081222743947,3.9346040801141573,0
66.93155211394907,2.828349742229629,9.696157843895401,0
62.98589543360205,6.358746565913007,8.20468725825686,0
50.99674684261808,2.702411929682688,7.100236327044055,0
61.04703127485028,6.332625001818424,9.795629724496141,0
54.220296047073596,5.925182585707902,11.091911892558214,0
61.70276017876872,1.5483865424188066,16.279593796629833,1
69.9319601178157,3.64487069532869,5.464349741310359,0
83.79025224218029,7.388218806094745,13.478143129901566,1
41.43276751759726,3.0376689377206367,12.919304683045215,0
91.995500619844,4.071191475381225,7.662721781869898,1
30.718683007162472,5.924121786503793,10.609707863758093,0
57.72322357446625,6.566781018565191,8.627100251987155,0
68.82475809726864,4.496922227911009,10.557065741256217,0
64.2148780160255,3.8049796106167166,14.527393040213653,0
50.659507202691096,7.844739723397016,11.81681869789394,0
56.87816624464087,8.477799327595157,11.525825119700325,1
52.604985980117505,6.957716101563591,8.709072040136073,0
51.15952864583683,5.1706362851300485,5.547830005226994,0
72.74403145531537,3.3834685567181473,9.374595368378776,0
65.35523228947571,3.3391111868868695,13.619824464591746,0
49.60635607109019,6.045028210531515,5.418496430231057,0
73.49399813149876,5.836796441777367,6.834731895469915,0
64.60949281314915,7.803197185892859,10.378803208702205,0
72.1929317825844,6.300900185072278,7.046035645458213,0
69.44443262885419,1.993839396480364,7.622429658654362,0
47.56507483616892,7.103895235445837,8.72920425481547,0
51.597284397045456,3.003878745371174,5.9031477874295515,0
71.20940407684893,4.232057456095297,7.077634461350895,0
69.15555398150197,5.500400412503389,12.110283750361926,0
59.68647609053778,8.99133497956793,6.077890653307108,1
61.75991074963173,11.219837112010723,5.2063835965154865,1
79.16497343682637,6.2134461182723655,8.109925061398316,0
51.12642916746255,4.633606762559224,12.195866507529537,0
68.20646071755057,6.069011296961101,9.40923457600933,0
56.96711021349159,6.775310851747673,8.606256765653145,0
56.73478195159169,4.358664748885617,10.13307639254682,0
76.48165277980786,8.590422711824644,4.7628777014210435,1
72.38124523482045,5.460141518382804,11.484116961325098,0
72.20264454000957,5.995486178182788,11.150305094210932,0
79.58218210731494,6.3318485041089225,8.772074577712836,0
60.31505762449139,5.843173221228911,13.01777353538925,0
70.22929456942445,6.677881000939225,6.617511703140884,0
55.34599865109816,3.765493626906154,13.383726979760707,0
64.86249528732664,3.8833964921079387,10.463480996785753,0
58.047854184484734,2.79969153405661,8.99034223036548,0
61.45493947489077,5.879002461240453,9.940379093895066,0
68.92735538155371,6.557873007024228,9.678205702567174,0
47.726689751497915,5.915545732303771,13.66084868925315,0
91.3858091352819,8.348984866695075,6.76996261758696,1
44.90973927750447,4.988807962341907,7.712442282560206,0
41.787170808184015,6.337483311185025,13.108908676217439,0
77.37166310250102,2.8165982477213714,8.213395194448422,0
71.87494040944404,4.225800595051198,12.701599231994775,0
69.36179725578234,6.391075515131555,15.098307949026129,1
69.4251826389642,6.698204221486288,8.7946149191751,0
59.81629840729628,4.412066104671635,12.044086979725916,0
46.54118442771252,4.856801496283866,6.538923155980425,0
61.137068372905894,1.9642525066383811,12.264199894203427,0
49.842574327318324,4.285941598386781,10.598271957960302,0
74.62679600126627,6.780766327039572,11.419114846480646,0
57.79413927746792,6.1504100322131325,8.063283783893816,0
47.61754204811233,6.001331442762419,5.016749753298482,0
55.1792123752051,5.09954737436192,11.509756194248514,0
66.19397181413436,5.014126317256353,3.809790542561636,0
51.54413170794038,3.6793577210531057,9.047948523272396,0
47.666694066503524,6.3976568404050695,12.823545599259909,0
63.65530817237868,5.841945888778779,10.575693207619109,0
63.674498566630845,5.984037695985599,15.84502793436944,1
52.39585236943305,3.9479303146648395,13.07532745774532,0
52.93442541572516,0.6933141602575112,8.03830483502327,0
63.480749060364545,7.194305423507391,10.081940139554316,0
38.27873487754014,4.042325087983191,9.857887892366692,0
38.888043384351676,3.2744484719137588,5.253469709961618,0
49.22333668121346,6.386957823827988,7.17880325054694,0
56.798292724322295,4.215974720161741,8.31771727906042,0
64.66361348397007,7.119872768093243,3.8913384914321902,0
82.13034325424329,6.234011899153395,10.142480404754929,1
72.86489434803029,6.367138646400955,9.252784466040877,0
57.60092205054859,2.2680885775989315,4.981318296065277,0
59.71475688145967,7.423887970772801,11.212638595831997,0
44.96205953043287,5.522501062467712,12.147618234072878,0
59.72230296011415,4.261445721507593,10.681103436594666,0
55.670120416197925,5.286776934684502,9.02779547437309,0
64.84077840507135,1.44752953420336,11.774326455255565,0
47.59153584671515,5.817305622961341,12.040661081430073,0
67.79019771361759,2.941256983635857,10.922210709159065,0
82.99108369503867,2.294659428312931,7.526163248695717,1
58.36859777314714,1.9552816275642178,10.829802296533542,0
66.02567583148412,7.2253767499798505,13.586441952476438,0
70.35215987566669,3.7414732126144226,8.21011282416481,0
53.98169292171246,8.067455419833,16.293818017397292,1
63.36138722715625,3.9283970738954044,8.423107198043846,0
60.18888601172692,1.5852840848141065,10.09722104002041,0
61.465141478232475,2.7669511201026817,7.982543211980992,0
48.404853242168,7.471623240013877,10.669812507760783,0
60.36765261388414,4.688203644126665,4.7733349220941745,0
67.46997436868175,3.903425407018798,8.361874603549836,0
81.76715411692562,5.320036451705575,6.723636398954298,1
74.3890623912781,6.00356547233509,10.406015043676872,0
92.29773686267335,7.234797631804922,12.983342126526722,1
48.489786556679256,7.896998459785852,11.938018561343654,0
73.08480955081018,4.280462708421829,2.885021917423323,0
62.75013008607527,2.3479046278359235,16.126208958783643,1
92.8470439982651,4.173069677753448,10.885839821862605,1
47.87552571967273,5.520561013165772,7.670502578520999,0
47.40417236728836,3.0724821475787785,10.471383756972823,0
51.009110318339665,3.0856981702099144,10.528569467508078,0
28.141564135352898,5.687575763099771,7.9994538491453095,0
52.113674674788584,4.902695296859098,10.593750002026226,0
48.61301007669453,5.065593990823173,8.177583137139077,0
62.25590679714311,3.4830093305998613,8.786914021929931,0
65.12633963665739,4.539198571588465,7.941162592734747,0
88.14256258823829,3.151533711463391,5.701986130781042,1
74.25635757279075,6.780396822249574,10.437509410646152,0
51.346445165063955,7.070498669447505,11.755898309549014,0
46.52377992977463,1.3076242755238123,11.544650788229117,0
67.37878757259759,3.14097827961518,12.459775757905703,0
40.19650189469037,2.006941489819842,10.973020630044605,0
87.47188148781531,3.699952131186204,8.40182350534929,1
77.69160181081931,4.833124060419278,12.518991593293567,0
52.962365218429426,2.10070956060294,5.927447380474195,0
34.30298206363683,3.1562803737493734,7.29798585246256,0
80.3080856124812,2.992085255837003,7.107399785730266,1
58.28190232121073,5.414534658797888,13.240168177417932,0
78.56724467960193,5.138688674072501,12.828365542420226,0
36.08358511808449,3.556524893325493,11.461915711134985,0
51.00937465569341,5.353641744278796,13.215789595635393,0
60.07865549577275,3.906639830825469,7.362151652764036,0
60.70470890647113,4.456689779347894,11.045785359582942,0
53.249017927811344,8.346904180597074,9.624476714850507,1
69.34274898521248,7.680922103580696,12.540646311654742,0
43.98569355926108,2.4008375261448047,9.654327302343408,0
57.8643077246806,6.6594648357583495,8.845171334769756,0
61.804434475678484,6.622793108983184,11.622725555682969,0
67.71658251088124,2.7034734224947634,12.628507501573699,0
70.67422317133335,6.637555287509722,7.994964415459595,0
43.13036862243196,8.075863836825105,9.816772985942873,1
36.98828743896567,2.7549103875111722,6.824678099075042,0
79.16515232847763,3.164994357971473,2.505816947521182,0
64.98471017969388,7.035322933687005,10.601378894241186,0
48.7727019516517,5.542990621651296,11.826716068763895,0
83.26727963283784,6.1029525504790465,10.786200427260177,1
61.73511951439288,5.681178432800993,4.1513148467368985,0
77.6894577609574,5.781391841856288,8.947451709770576,0
61.01277722115164,2.347055743377834,3.3449567198467562,0
90.91121887322981,7.094635413242896,14.109103322962554,1
86.33011263664807,7.339179984855547,6.741836253645742,1
56.2655377728139,4.541218511863945,13.76621082837969,0
74.57356426431534,4.913046100372275,12.837608931052436,0
69.68063924377721,1.9377849948885557,7.298228942391815,0
80.52947336298523,6.0285095120356695,6.6016451461967645,1
45.52614809129843,6.144114883428288,11.051110649159014,0
70.29077189997659,4.875617966001378,7.467027888450787,0
75.87636730274382,7.248706719741005,10.307453926474622,0
33.618907703653285,4.331845538040119,8.551517227579245,0
42.25112231001337,6.1292118517872005,4.656524756603099,0
29.411517333598493,2.960671322615769,3.3085959426266225,0
55.95889748333163,4.952895698251524,10.680052745483792,0
70.76313383693943,4.651291484194329,8.315326761008123,0
82.53535578144042,5.4506158440818835,8.340730549257604,1
61.111421706296625,4.260946142333283,12.087591517281357,0
84.42923318356938,4.737054808656664,13.520326829897336,1
39.29847812677663,6.652094342883013,9.182365835914572,0
34.44926340967268,4.126471525523565,8.978203879270415,0
59.16678451655072,1.7868457985226414,11.500429099341652,0
65.76098173408961,8.499167808410842,5.929193290901274,1
59.509578778588605,7.7629081573809735,10.669459164243092,0
28.98836849940185,2.4154746097887627,11.655657915466461,0
58.66319940730818,6.379415610490389,12.040690625252887,0
40.43295749242721,3.9940504588973136,4.189741892492606,0
70.04508823245058,5.526974430662119,7.7159341905731775,0
65.49897369145272,5.588448258026988,7.3652102415296,0
45.90180320508967,4.531184399367356,10.29966086322764,0
52.2919962399496,3.432468668827207,11.442233739303951,0
44.11179717166573,3.618917895367481,14.490131222337943,0
59.059813540902425,3.1676161690375153,8.515103558895781,0
74.32713480751858,3.3363555835391105,8.507282505072359,0
45.21410930496684,4.865643419901289,13.449016056636241,0
67.56069773276766,3.5684800217784964,10.889730815590916,0
52.04613572441339,6.36410413142524,13.802954533563922,0
48.10690751606484,7.974492310671854,10.866184009029508,0
58.394544600681634,3.839893517259914,6.528650143860188,0
44.47136516370939,5.478809001070754,6.00061493566658,0
51.69526041979227,5.999370220605868,5.345463252823213,0
42.03183161116728,5.944004541838549,11.98615550427542,0
89.47087699374583,5.151910535832175,13.565790469261024,1
60.52895327957593,6.4853648367194445,15.548086424159143,1
49.50411738011122,5.9644979053613145,12.529315996969721,0
63.20969866101333,2.5246751553454043,13.488515732604958,0
58.31507925463755,6.738312128778547,8.259951002038946,0
56.685456007001655,6.774581674533485,6.53075254976843,0
69.21250050065137,3.4734277916428367,12.55023799725266,0
71.36261565070957,5.075875670895204,11.253042256718203,0
52.04248278584209,6.366657985622139,10.322333123022677,0
51.3627263903298,4.581372360841277,11.16211444189897,0
55.874224542725344,7.145956095532023,10.969556447374618,0
25.471182528966224,9.727744989238722,13.851450579560684,1
37.27213406702172,3.4280279347300353,13.884956754450867,0
80.50311401166786,2.2379107936924503,11.632661057021041,1
84.67451570251926,5.607637191209752,12.537408617688785,1
56.264459406654325,6.443125010252287,11.542187657274328,0
68.6483544458365,4.538267252310462,8.616490803896143,0
64.66875231815304,7.906521326642069,12.26969402473942,0
106.18321212682856,2.3227884005535024,5.816514793422215,1
76.79362367151865,6.385837246063222,13.16167465688765,0
58.0812361277885,3.7882783584822133,6.4164311807018946,0
45.666893390993614,8.438755812414593,10.857409860384198,1
35.903305196136415,8.985030706336236,7.464538124721523,1
63.051954538008346,3.466686824433304,11.66016694922328,0
48.654738820735446,3.90088572818284,9.898224322216274,0
38.666194356034886,6.719175773959604,5.215732125510003,0
50.301406736362104,4.225738700420971,11.262098893055438,0
43.77677994578407,4.909177564135524,8.266237669501868,0
85.30712452608847,5.05077684108482,12.643440162440108,1
73.22459635424175,1.1606536876046873,10.003977066203221,0
59.88041038025074,4.972324507811526,11.186262956164114,0
82.19916208335039,3.6205444518716523,7.127293134954364,1
61.16052461471428,4.013754355200456,8.232003305717914,0
47.08073698007605,7.887264006937628,8.624084091696746,0
82.84686115904486,2.4869862114414873,12.570107440727668,1
68.08365065526988,6.626410373495954,15.032131263416467,1
44.441307685103155,4.442074139336383,7.5844847447713715,0
57.14491982874588,4.440479663008331,13.23054443397304,0
46.86572619922865,6.580743792103423,3.4909677468228937,0
39.25800403553496,5.680102589137781,6.4174317967231325,0
73.89266321297463,6.141225994439062,7.123664631439675,0
88.64124960705196,6.9363693210657225,5.942473931677833,1
39.02148639271288,4.337383233633354,5.24923483063726,0
68.44453855035856,3.775526530984499,11.238996736413393,0
50.2403614631726,2.829698946884404,9.357796906816416,0
52.69311924352956,3.3491789400420897,11.13821619281533,0
51.11409113641696,10.898188850617451,12.07141805836454,1
47.04013845480276,7.4893591614735735,10.7968509795176,0
60.72782441917241,2.2978512675839573,11.97328952845112,0
47.535748253834434,2.3550840865128597,9.791403141273191,0
64.05685238669759,5.963732123436983,6.439019835082766,0
59.246428358262946,6.094529594755934,13.17344254246239,0
56.41577929700385,6.097767670634729,8.232663601656618,0
46.386545069376034,4.490088412892605,7.193211103712722,0
51.34843004147501,4.7490914799942,9.466246372586806,0
71.33086838738635,5.655759048318715,7.261567242110461,0
67.5137578143657,5.171786012586661,8.747708854031703,0
45.33667132802174,0.5613992545049298,11.0321617646904,0
61.489984581438385,4.540400738849613,11.045025217738381,0
71.27080685057683,3.297187131479373,7.306509800723112,0
34.95892078317942,5.350422837817024,8.536883881153766,0
68.15040288569902,10.97051800520682,13.22299901431073,1
50.060643615812296,5.7349633309486086,11.489200353201824,0
68.5589800288974,4.372940627655204,16.225195118045626,1
48.55111265186225,6.843603003954504,13.540384521224583,0
32.92676849003222,5.965375774418425,13.432879205679818,0
35.58686343175256,5.840188980903682,5.836394348632594,0
60.72127419992073,6.213701186431342,12.291581054900268,0
63.89583752582223,9.113087129659082,9.840679594909268,1
46.43525062343387,2.7382231293481687,8.347054589385252,0
69.57888688166061,5.947264153622909,10.504046021597585,0
35.0771990659656,3.147237740036923,12.83563460383445,0
59.00880302029025,6.111025292684497,11.502494773012636,0
41.834757003563155,3.162626977027811,7.3645785959738195,0
50.222458382967616,4.165266372789831,12.22737674077786,0
60.71098006974621,4.409820171524188,8.087237373772108,0
47.09379952074072,6.951633438689418,10.65004935689286,0
54.23166683655262,6.836908887884828,9.089949797568597,0
75.0943921382166,2.508565247107231,9.343401244793123,0
51.34662195715277,5.109868221999697,12.298728925121528,0
72.53538168097712,3.580840290501655,6.879418840552306,0
43.05439718013573,2.482990178649331,15.8355852228308,1
67.94706266872925,4.5659658991512595,4.536741792116511,0
81.6235293098685,4.38303442308836,8.206996950235428,1
22.92533249809066,9.853432972691046,11.110635669825223,1
48.046571167942844,5.865919650721392,11.752942499305929,0
68.6560819077081,2.2447649984915254,9.698572838284885,0
56.95431920935511,3.8704519916581157,9.827827890995373,0
65.56718810056964,7.042766590858797,11.23165025598285,0
50.94022219926269,9.17688554573985,9.30679156762696,1
61.2988468120935,1.8280333755240834,14.179543773804717,0
57.664841469118805,1.24015122972191,12.518047342694807,0
77.5167309248971,8.741930350743564,12.618473053016903,1
63.816312649518196,5.779228354741807,7.101529829888749,0
65.06403993112804,3.263414536247267,9.761834726782892,0
53.82184550816299,6.06925817224487,9.09860215383789,0
52.6859066389126,-0.2714954780337555,6.983195872931603,0
53.51162718270569,5.006751013194322,11.0804925518373,0
65.91678213567445,5.655642345686171,8.38706272666055,0
53.68523278769605,6.848540279075659,11.96621148955071,0
64.34662285344619,2.9722080954149246,6.789425311317005,0
91.13101197968157,5.171374322806718,15.157121838525462,1
73.06687055147539,3.1491507478808254,7.311002024223814,0
55.10964701748238,5.510767511348634,10.657907011601308,0
78.01820883245918,3.2093073552739515,12.375577931164202,0
53.87886940467673,4.183798321679559,8.288078709399661,0
29.428131972332192,3.008369210419542,12.557405930298852,0
44.87870533623894,6.3022724836473145,6.312449206598751,0
31.938121184612164,6.716902233313331,14.356353097547682,0
54.72729773938037,4.5307588600851725,10.042447794897274,0
60.276275687843274,5.076475989920056,8.21076577609336,0
85.14655968412924,2.1028171707329117,9.102454682717697,1
64.90391060646245,4.400646703986426,12.42675780817816,0
56.71349206786704,4.8995907659165105,8.246634124448686,0
72.44108371775233,10.241586182059951,7.751926931731667,1
26.832970364881724,2.7760659484516728,9.335390207248786,0
63.53421837162849,7.928354477504875,6.469113661690096,0
71.5629779083045,6.993717546931616,15.461631723825446,1
37.821206313302376,5.561272808980273,8.300816226355831,0
77.15631064810394,8.517240968390267,12.49485035854121,1
65.07744611241621,5.744210945213726,10.628410250943318,0
53.77068129148798,5.778318391335858,7.046397848554095,0
69.49172799159427,4.89375869396491,9.982135872361813,0
94.06039286706593,7.4471377648372545,12.352008337932244,1
62.72799382587743,7.192938467621767,9.43521599474108,0
63.723308794505044,3.748645425007575,13.579338837553085,0
53.109586506896335,2.3615056108024652,13.06454617834559,0
47.25233445802812,4.594038725208685,12.756744563974987,0
72.45503724816368,3.399922871204707,8.621029683181009,0
47.15874261136699,4.87295085076929,6.760472656655539,0
61.073493558290885,7.474876269368279,8.159237183911618,0
52.83513829852325,4.08539668982642,10.588722822000161,0
67.18469738619588,4.91435323737685,11.637360140597067,0
65.00493157930423,5.1160454696167905,3.4852857857186574,0
75.56309916386849,6.696861764410569,9.975660395164748,0
52.349754017178796,0.5062213320307896,10.474267675969553,0
55.95187597059943,3.7865994104694067,9.167367231053346,0
45.31854426326539,5.4225673845589455,13.873821517047636,0
53.33560109885833,7.4001579128537225,11.265340222752613,0
65.65950739567279,4.01619510498759,13.93057572424269,0
71.35482924968028,1.2468945879162519,9.352118438949303,0
46.167520137335615,6.239422891932272,12.812432477520774,0
73.0440888015849,3.7292752223487415,14.905199183582559,0
80.33456788207427,2.6206666818192774,13.935080347817983,1
66.20152354835551,3.751309220573552,6.723575219713801,0
88.151937188371,4.630949284688301,9.238971767372856,1
48.39316201344641,3.7905106709235747,8.964505883650611,0
41.33017945032874,0.5888678858018617,11.467763605228983,0
33.319196266435824,6.794132393774264,12.0590606650436,0
82.44066467233775,7.549750082557445,7.483321977922791,1
69.81548484531086,6.303043982679012,10.203515541750813,0
59.16622993634317,2.724628659150367,3.940218003531591,0
64.19952939479731,4.597016932104964,14.32583501740567,0
43.11766429052435,4.986957369541084,8.46287727796992,0
96.68627969425239,6.19758877912382,10.167591819533492,1
61.93831772962841,6.336680977436162,9.071050858035816,0
61.64092191907339,3.5316524024430085,13.438082725040246,0
70.88649935848038,5.163991112827121,1.4874806758078627,0
67.2151384760507,5.914560809230482,9.950168973022272,0
63.35826036418697,7.911644644293533,9.682543727506907,0
48.142883168320324,6.409013079649446,8.639090837224952,0
67.07202535703993,6.578113374751037,15.178679636906898,1
88.2303674471255,5.167653255858722,7.338011623432687,1
80.18130069232467,7.820918290407008,12.315388531706983,1
83.89779939959095,5.819525591918994,11.068758366118251,1
52.33176485353222,3.277824179652859,13.784557757606548,0
45.15592769612129,7.806739940250381,7.998432745667484,0
58.11319619850528,6.395806545078055,7.801093302628724,0
60.835873684330416,4.113911957743035,13.288209722432196,0
76.41287277706422,4.041014065201513,11.27596392499033,0
34.613030554277714,5.593151090281523,5.365187959969724,0
82.9432547919092,5.926369590535169,8.38208495661019,1
57.629881521315156,5.394584531262413,11.159147961544182,0
53.5967839507887,5.62261734688577,12.513292664639767,0
44.81843437109749,8.39991474915276,7.962308040421135,1
35.177149922013456,7.143086304469771,1.2572320305491758,0
72.34755875942872,5.381271182530049,11.5696695572111,0
61.09976950782606,6.882621161534967,6.339037930168073,0
40.65058650388419,2.934952192944921,3.947983605632766,0
40.57381841904576,5.795854099893618,1.5030222250475767,0
54.96322951064808,8.61861269946622,12.441942580593224,1
85.0353228793409,4.563908209215253,10.385852351214899,1
56.10612972954593,3.3047321427618304,9.323030857863245,0
37.45285570322841,3.6958222228138786,14.167073088888285,0
56.313854038710836,2.8207339253152233,11.911974049069217,0
55.90914645378494,3.4304761837445934,14.848900128165749,0
19.546700355876425,4.258983802819942,5.82179358349901,0
59.18557700223282,2.188865961642716,9.89634812813811,0
56.53598204686983,5.031236667899206,5.149859875155958,0
70.44309547220128,6.804554347573294,9.311853004433598,0
87.73434142418017,3.184487639706159,9.254152438699968,1
76.89847544321637,8.038567847283538,11.879840911789213,1
55.96666964167754,6.021584177055189,10.136691643425696,0
43.40211136887494,7.061161171248115,11.870221414839747,0
98.60039704874791,3.684330892295726,12.110320399416683,1
60.888276510217324,6.709050454133232,16.464786032149426,1
60.20893937869419,2.816132199209374,9.054110034141626,0
59.638123693349954,6.780495001673017,7.176931898000863,0
62.971271411517826,5.343678679587063,10.738250845949226,0
57.834593821140864,6.106502439969567,7.593159918581369,0
51.39506989679646,2.6488107887502967,14.445882305309608,0
51.79711588139412,3.2098603154467904,9.150345883164302,0
59.50870094676002,6.194456436506769,8.303270896378029,0
51.84862843299352,3.1033039915515985,8.586052836546646,0
49.30731325984253,5.926412584198246,12.155252270414923,0
61.596453415378456,2.2657243870795085,9.526759050305545,0
56.17534173868717,6.696348425333336,8.074999539608854,0
82.55989482874033,2.534953370462982,14.996055752870593,1
20.235452874104823,6.104599875359046,7.43149047801475,0
76.37260277883692,6.251261867292001,10.10669822209898,0
78.69127788746444,3.6064563631408504,11.956918454830692,0
28.89914651387776,6.164053134169453,5.10599466874878,0
54.85968608879477,5.520884526667112,11.440781504217775,0
54.428387010063126,3.9223162876145237,6.834676973558652,0
38.88732457923268,2.982890631847584,12.468348342502008,0
48.33274968613687,1.074748616654842,7.112046964243071,0
43.34136231801257,5.699300094599387,12.078307095546581,0
86.28405665135435,1.8703944572758897,13.31749919888414,1
74.03517589721191,5.1906883988826165,12.584309576898415,0
79.07332642491238,4.473103567835501,10.753949944714307,0
70.82508096064853,6.358285550876391,9.3060971712109,0
43.06422343174156,4.3959090010202715,8.270741270995469,0
52.132196005803394,4.341104427305817,14.413104072451311,0
67.34061841841877,6.463741408576591,7.90151433949707,0
41.66808286662082,5.670116058168235,6.888801779290011,0
70.69497645258582,5.632311914365556,11.99610680509849,0
56.39511902762798,5.938535179617053,7.611589590440514,0
54.377687886756036,1.9288557535857884,7.149809507601619,0
70.66439952305237,6.513577359973964,5.669187213490705,0
66.6639496722906,6.224937588027204,8.551270481618447,0
54.585507512713804,2.9666337428470055,9.75185492831052,0
77.38994705046372,4.511839052651597,10.729275182982096,0
43.78405008600154,4.921385424744738,12.85391873289845,0
69.23903410416395,4.731006431196534,11.580693770997382,0
68.89651886952575,5.66771993313707,9.42738334134046,0
55.35680341029015,7.862733563662367,9.40541297086084,0
64.89199533363177,7.163533455345657,11.53047240674555,0
41.23329635422046,2.3755616131371875,13.817710488785709,0
73.86040528810352,6.244139980612097,10.378942598449601,0
57.22646795335516,7.65786663907082,8.592607437368773,0
52.15915469221441,5.773617041378405,7.021401996743363,0
75.73513838755333,7.181960850371934,5.664384206763323,0
49.43484464185861,9.02454089140153,11.998809016130568,1
38.873080554546604,7.047419092213962,11.733935570918671,0
36.65056239714144,5.498617191283458,11.732090575319985,0
69.0901492701846,7.090176948169507,9.614021660943832,0
40.793559712555755,5.2897756661937825,14.220804237675253,0
86.32191272976547,5.047806086569911,8.547644516245548,1
28.771058881744167,4.297171528572535,12.865807711621617,0
85.44684552435058,8.126826717664215,9.883771315031371,1
63.16526200803928,3.363142668115997,8.174947705961987,0
58.549303321944116,8.064735449356231,11.777590921953283,1
51.826213697865754,5.999728247480743,11.228908356051981,0
65.98704171528107,2.201387650396117,11.070918277800779,0
59.435479463627274,5.735298585982843,10.243835266168595,0
76.54952823024783,0.799946984696752,9.886320754849507,0
61.7134147299306,6.251016033662071,17.165115978611315,1
62.25452642192816,6.770462965977982,13.552769935588518,0
54.54581681679216,3.815288088695893,12.168480684956537,0
59.14581564418399,5.247095391911165,10.335397474610165,0
64.6170265333809,8.908314867500572,13.021471601790008,1
34.347474110150614,3.988506591476127,11.553984329174355,0
39.77721866841431,2.882184825886799,10.078614258322107,0
71.14896141034072,7.963326804925197,9.089307024202254,0
62.562981571919124,8.92517438106159,9.757247987011935,1
57.24024995470981,5.007391343695694,0.4887227923658326,0
60.2765089959809,7.0229260708167125,10.631802517892925,0
65.21372558042506,7.682951831061763,8.534571759668921,0
51.90360479535958,3.515031534923232,14.778009994848652,0
48.32542911896531,4.029388329264263,10.058032212435263,0
62.93767882646522,7.4617490263094695,6.433109741395114,0
45.32440833577452,8.370028557417019,9.850359537615647,1
66.12379133571707,6.125761720348709,6.861636744812487,0
34.46124593643239,3.240371292995891,11.4202222471374,0
75.43733455988465,8.974122223398883,10.872842093018456,1
67.08896223619564,3.938058204376071,12.873518893324803,0
63.840446014708135,4.329724437657097,7.627354624916304,0
74.74036475918271,5.684675668979243,10.10202428868444,0
84.98211666693865,8.10832084142955,5.904934613720094,1
75.21555097527195,6.707951953104447,12.104484345774143,0
32.38688653002532,5.829731000723821,11.556613541320367,0
40.806345498964475,5.9265770602362124,11.487415063082713,0
50.62772133456482,5.087029337286932,10.004857094070823,0
60.3913657531625,6.116279029037012,11.244318672366372,0
67.76488530703685,-0.059120155388606044,14.813017324925788,0
49.11384280269802,4.406785081860403,9.144717228873958,0
62.80150146715617,5.482643869833562,10.415935551130254,0
48.66925601470016,2.697971832760986,6.74162110245577,0
50.82723295512078,5.77264663562312,7.3952171152050035,0
38.900083547276665,4.591057558027757,10.293439879279923,0
46.151501308336435,8.510951396630979,13.311800640105721,1
39.724730915754996,8.146039450429713,9.231157527245283,1
45.36190120534001,4.068388861763674,9.292250412063629,0
75.80462694911759,4.698324576866609,8.779344266486875,0
45.759016667520854,4.852104868783215,8.39572998746703,0
99.48573097256086,4.096681047680755,10.884914367126465,1
67.39976851321333,5.390049968056253,5.508227064464066,0
62.77254185542311,3.4834358622248196,13.842818730000182,0
47.1246332972818,2.7387693301249474,8.00373310561162,0
70.50464819113488,6.245422447800538,12.165710456314425,0
51.36543260643339,6.259059168443621,6.190004207818372,0
61.83014721968042,3.3913684806800153,12.006520391638654,0
98.40126807403192,6.790710861525199,12.015833823443494,1
58.559101504130254,3.7368445416693374,11.15260621601769,0
77.23909989428513,5.506330476075963,7.016714434600623,0
49.45235362311169,6.640688025224912,10.748644568794232,0
59.47517264254557,4.932774870592574,6.450831445796833,0
86.56200953453265,5.909481824282269,9.241710234711444,1
50.59549413318349,3.9671407122248565,13.08823930286598,0
87.18672836995393,4.607066833143806,12.390105781212226,1
70.61627903183214,4.588281138239319,10.0455488276213,0
51.56299836158598,3.506843306919522,7.075580272231474,0
69.48611608583282,4.646451673768436,11.93676313652258,0
74.58831674440094,1.9027634022725066,10.058143713094076,0
69.32714943325794,4.01769250571579,3.03905320530873,0
36.446629201643155,4.430249013260658,12.347889478949554,0
49.09294236262697,4.48764049500924,9.927301498390923,0
56.287220466727426,4.517005108258442,13.607353743949217,0
58.88349856349931,4.876471600279742,6.714188443471586,0
69.31008146326018,5.958883036172128,0.46988856041199867,0
62.66551501399881,6.749034148265045,10.837251575035555,0
39.96983461934848,3.7004695463034656,10.874691030045918,0
65.70296776508945,2.593598289221711,4.927985117180644,0
69.15878617925735,2.915911175513794,7.064501362400181,0
68.3968567189656,4.025594157610145,18.265653231159703,1
76.21171088331933,4.296157364366982,9.08316815753859,0
72.50883231823356,3.4600078676050856,12.192876929128648,0
66.88770118842655,2.407766671500211,8.048020517894848,0
58.94751432812029,4.087758345051624,3.72909130344053,0
35.085585997260125,5.362853240227943,9.489225259612283,0
66.44427328698879,6.190058931671129,9.203186319141684,0
63.115315307446664,3.8851538937833574,8.800365283994886,0
64.0736825579306,4.174004355713132,9.656077493480822,0
40.84877136269536,3.1466033823053783,10.79280481493691,0
43.784151893876064,4.937121659250447,9.54964914623858,0
75.79729279999356,3.3031427316183706,6.207981496157909,0
59.406672692150174,6.1462556264824,11.458554374685816,0
70.22251046058936,1.4282670161317776,4.1518847340327305,0
60.42477564195692,4.280740655095075,3.8489276281473987,0
60.446342092436176,5.6022146783834845,12.217541484104704,0
74.07425708963997,5.367669032645009,11.52106081640607,0
52.25932907673939,10.386067327960994,9.827813904777893,1
61.44181165411475,5.699600049135815,5.813654485734784,0
53.06587066942436,2.9918908063159795,7.876267177977774,0
53.482556588515266,4.809071505821854,9.211759756940488,0
55.36241814797041,1.4475073330670964,5.21231809427766,0
63.33200657450569,4.838800501406478,7.782914025930301,0
52.818770675047844,3.3338878859984824,11.95699101453004,0
78.83634188360281,6.8307805511203235,14.28191609286765,0
46.580890466707444,3.90091945080893,8.741695742024348,0
57.196925337579614,4.7664681684095065,12.269465062948296,0
53.40403412588738,3.728884317191193,4.257819788237598,0
81.704668265306,8.477702703706662,11.978353723340835,1
62.94832164767362,4.357514467764177,7.588154755817557,0
75.47766809202952,8.665114086958404,10.92203685012391,1
37.716594404445416,6.628303524236533,9.256742745280873,0
64.00575398803889,5.9641334546707725,13.961242029351503,0
73.34446193435156,5.737466294635039,7.376693054980246,0
61.23425983913136,5.787594596432503,11.882818892685494,0
75.98220562598027,1.14465484130878,9.1614776101104,0
52.24067324849442,4.442233211698487,9.52508356597101,0
81.1402116027837,6.690315942368644,9.44843832052237,1
94.48347185428875,4.902205633051789,7.462980686517661,1
54.55742159340512,2.18962030639285,9.957703102279986,0
53.31746217898842,4.895191098845061,9.812055333634536,0
81.80076715676552,8.408211032510982,10.723720745220188,1
83.69358218596068,7.4937834310694384,10.253515437078587,1
52.15709959270097,4.875991981267936,12.39398364883671,0
53.69719774356214,6.902898554116173,12.770525848142107,0
55.773230867092394,4.266985959263897,6.848130034516597,0
39.833242334485846,1.5922568263465622,12.606317501772313,0
46.220220802737025,3.1510680237408915,6.440990718670436,0
44.93788849871898,8.125777537016395,11.763567664413205,1
48.483036523438074,4.452013836341392,11.859216354108606,0
59.47972668919828,4.513232041249964,4.266049325012488,0
63.51322098804781,4.400323607450239,10.27893773958823,0
83.25750739221115,8.808273179146013,8.594511659919053,1
45.024689388918134,8.251917830724127,7.723704226193875,1
74.76483597714875,9.437560466896269,14.052556992097017,1
56.790167336617365,4.681909579199897,8.038962578087743,0
59.25804435521351,5.59124897749419,7.580869212645851,0
70.12229238249905,1.9667149011584177,10.22708482001528,0
43.159169676565526,7.953868852236549,12.05676923889525,0
65.73614619276076,2.66444089746413,9.57505424196962,0
62.49678312319584,5.433551127525258,13.499111637007756,0
67.38676896012224,2.805394944734312,11.592926985892271,0
64.33752965861727,3.822266346522608,3.4653660408057085,0
96.82950209866341,3.3254751379005993,8.411599109478974,1
50.43390023623026,3.7842494786483645,8.314473701944904,0
52.035045674972736,3.921754593702043,11.438082860288267,0
50.65289210362853,3.903462410149846,2.1255488308776647,0
51.66784321259618,6.666667823560614,17.647029126153164,1
50.439193090402235,2.79027441387496,11.59307828468263,0
77.83524796661328,5.441082854027734,10.446630411753073,0
81.30756371984782,7.435918304611117,13.544703149257439,1
51.438805593757856,3.9736072709732078,17.030962158437873,1
47.51466640343657,3.564162218504796,12.61223993376521,0
67.07123334579606,4.538950749639499,12.84643928941486,0
51.716654335785435,7.359450416721421,10.392070073393146,0
69.49397726633266,5.388215261906716,9.575422739899155,0
63.0438453127695,3.9375714107848028,8.572613667985296,0
37.26383827504152,5.96775330237608,7.521664024856374,0
83.21257801995093,2.7954157003271534,7.938957700901508,1
86.93816509643283,6.362719020885896,5.94833210697105,1
50.80816964273421,5.817214615403535,9.77238564794493,0
54.18447660096024,4.384383057722232,4.9459972683208395,0
64.28798086087357,3.3228284031055377,10.572749572431132,0
65.01685184980538,3.2266381554330854,9.891008175872974,0
69.87816409009245,6.06963467269182,10.440805895160063,0
90.15306808149525,7.457961004978124,8.433605289940022,1
57.34579158758926,3.7253845059424107,19.23058111054151,1
48.02554133192319,5.916773407102968,14.080347700540939,0
39.31021157978209,0.8259459627958625,6.266372499745832,0
49.036049400871214,3.830764538685601,10.698604262280694,0
59.503095406893046,4.937882134258196,8.175981571188029,0
86.91836795276681,3.1806331660363325,6.956560819877758,1
52.235830514457426,3.1269872504208083,5.979783786628195,0
63.35681927458348,3.6644408870622276,11.296650072277762,0
59.753656558908716,5.584385456652746,7.955859294791278,0
77.82589910172126,4.6253419631872505,12.903478072075613,0
97.90398638810433,0.5235375333500558,12.981346643591317,1
52.03696840619519,0.7585996947298677,14.121743155634348,0
52.658408362226666,3.786269644285649,7.4428397017776895,0
75.66241315603608,5.915373172107104,11.42609683207603,0
70.22837234439467,-0.4950096854504693,11.897362649926903,0
87.7006098860405,4.000539647696739,8.577465474688106,1
68.75892277988946,3.9475042869651578,7.684684127821375,0
54.610618638194104,7.776675556416896,14.828561997327919,0
68.85982246038463,4.229956376574273,10.682487627196162,0
76.63055370874362,5.765977969481857,11.907903252135213,0
72.30723271796046,5.282514280174927,7.533771964516218,0
67.60911046660947,0.7388670403855988,6.342146600433418,0
76.00012034383731,6.536414433263475,8.29165067652367,0
77.5394338566851,5.430793010912576,9.627935837830009,0
80.7323848655629,6.016537279349179,6.807339979547954,1
69.73064831384464,12.852475412872653,9.97046557404885,1
57.493228795247184,0.8317741210028231,4.9344844357945,0
62.20070529649984,8.449393299522217,6.639857732590383,1
78.09763449762535,4.425104961199289,12.012733744830626,0
47.74596493519146,5.574657808806019,11.811371560833683,0
65.53009963309351,4.908975509397516,8.824369703839402,0
54.09991781508959,4.151527333203913,6.946707072769141,0
60.431172344022265,3.8603341435224827,6.917789345421967,0
79.17677793910948,5.659017471146019,8.880195262176057,0
62.86648602029855,1.9656526066566418,11.933555474935874,0
60.69654822234223,6.501158335043531,12.784737074032973,0
39.60215788530121,4.167611190229492,8.510404793554093,0
71.19380349040831,2.7398613219192844,6.539522722045648,0
69.68226271711613,4.099974284008373,10.803530913599,0
92.4488208495819,7.514298433725146,7.529395088122452,1
55.38332647570499,3.929329825967554,8.445242083416392,0
63.287254914959085,5.716907236419241,13.975828271311112,0
63.74075525566133,3.5380874485690534,12.481346285697304,0
83.66179919645211,6.515843699847239,10.473922936754356,1
58.57056701419572,6.371015477580408,6.1842429966618315,0
64.18532288655508,8.697217666592824,10.634189702411977,1
69.11844764574809,4.648872109001569,13.18797187236258,0
62.79913684734537,6.337309609515813,8.873099002703393,0
53.30349578174208,5.196135079077889,14.053342269960146,0
62.911349893474615,7.591743563726029,13.878235868554622,0
76.10447624789659,3.5623352247825393,14.991198496430421,0
44.602270508834096,6.490010625754563,10.915729379594058,0
61.99454511220314,4.610605407766637,11.762175099418037,0
49.4981877759124,4.871623645783004,14.24256186499327,0
77.92569943387264,5.183504968896746,11.342181811206927,0
37.15219642824338,5.504480792853355,8.496297676629363,0
51.61617229092617,4.767541913756084,8.654371490416416,0
65.65817812596781,5.429426366341053,10.715664861321217,0
83.4828604385151,8.156236115124369,6.128315734161344,1
59.01374608390518,6.970899371230437,9.570223253907422,0
51.67200709960203,6.738309184993793,13.289641354690762,0
88.21735604160885,4.088920947952259,3.426238446504157,1
38.279791493756335,3.2215183435433516,14.603446305383546,0
27.017910650698774,6.9106011164755055,13.36712265610948,0
66.60021675079999,6.752093585059589,8.620706152508571,0
52.46918663471083,7.945341351501964,11.630172483615429,0
44.681507743039305,3.792038748061541,10.00944318071898,0
70.6253467094903,4.540902689279306,13.689971105316049,0
63.65701070656798,1.7210316749491317,12.948049428309822,0
51.538820538949075,4.215057787878254,5.799787830450972,0
40.79543401993658,6.993141021158895,11.76178724039253,0
73.08685992420217,4.067009241543604,9.383116439070257,0
69.75301766937991,6.280959590401648,10.2484977115543,0
58.51236204330926,4.618993788004377,7.815484297090554,0
87.69955494071499,5.648114056443121,15.244411207362507,1
43.94872850510771,2.7046172203686654,13.120185459707727,0
37.117122436128916,5.170418899267802,7.780686508081098,0
49.62137895178133,-0.9822719418014465,5.9961681792693025,0
59.31620975466753,4.62620768367603,8.842982107066454,0
63.65009173984038,1.7390535125697197,11.303507938273917,0
56.38145913215505,7.411989033093632,10.72061753183867,0
65.28083094771445,6.554814705529022,13.75939847430473,0
41.22690863714334,5.933341963932162,12.369759166542558,0
81.65646906109889,8.04201245431876,12.90870707725872,1
58.76773232411147,3.1021669583503257,10.980566201831312,0
76.75943747382192,8.494726395831115,5.832103809367029,1
65.14088019566556,6.864383128520769,9.412904406559296,0
66.85129828730676,4.526889425562108,13.180269219725997,0
68.54650920348305,7.271240294365889,9.845431214426062,0
66.71562840025973,2.7874129751767316,11.50927110587124,0
69.64084139801315,3.3509716769446527,9.0437550542616,0
79.93728795198646,3.782820553520599,6.910564454374465,0
62.94781754552205,3.9420445838719695,9.629967807861668,0
70.63505636382769,2.8868847144794945,10.927142329097961,0
58.6539645856916,7.4461661341906495,8.032936841615669,0
81.6017582317421,4.482291199260336,9.292866265429994,1
49.85411546911095,5.7050099367137594,7.181610274042052,0
87.01410649366224,3.859297267172639,13.357734752692288,1
59.39763074033485,1.3587933989029657,9.116632727235897,0
38.53837346822928,5.540114716782844,14.358266635378548,0
61.92156622366184,1.1754900491604463,14.586243551622726,0
49.78422513787679,4.862731907829063,9.756862105834768,0
72.60965323483086,2.263369922334379,6.974653802357951,0
50.210640310464136,8.974551998461616,3.7423063667999887,1
53.307248501778304,6.822725444349444,5.583888780919626,0
31.656889035817034,5.211507582542961,5.87849552530402,0
53.21540521126385,7.527413355309337,14.135408882384514,0
23.64181010056565,3.3073680450685283,10.347473761680838,0
36.24145764771415,6.086958757340186,11.168813572275964,0
71.40621984216446,5.399620867437427,3.3387369731946226,0
71.78700237976248,5.52804016266734,6.406100712348215,0
66.38186342677447,7.544707000213536,12.661239329338862,0
45.495357853061805,6.464984205559604,10.860322337147759,0
59.2843296578703,5.577447325650047,9.558384163943208,0
59.945961913641476,1.6902251275434077,11.694527075800368,0
42.624529662111854,3.0799074094410726,14.907393418407445,0
82.55097452650726,4.754582132808552,9.336872609388848,1
73.16043435863507,5.186744748553302,10.208109407974208,0
56.68553739255504,2.7395925506521523,10.577790756193915,0
60.40328758491796,9.823353351156843,17.176328905821975,1
63.125742119213285,8.032788110507145,3.7019312067429233,1
29.373976973635642,6.204236640784967,12.049669044366425,0
56.29233926219105,5.144073722567489,9.65559325372281,0
49.77023628003302,4.575582060197696,11.70031517855254,0
44.975699851576266,3.096163079955529,8.027882338015827,0
55.78349560671067,5.154961037037725,9.85310490742465,0
86.96529790274283,5.515505080285501,12.134231738396485,1
69.61264291900514,2.5164788490367513,19.338730603131523,1
51.432315153258045,5.668352834489795,12.424108568206215,0
68.58874172034238,4.6894819023505026,7.455803205908474,0
80.99033154879004,1.184384884245218,8.72872095393189,1
73.86950524369153,3.279229978440996,8.639757674848438,0
60.89445554880261,4.172788933156712,4.613070482109955,0
50.295948334416394,8.775375314680382,9.009729424895689,1
70.47334970420386,6.113106249067516,12.198487245465234,0
65.90228078132624,2.3290368618002173,6.177303642769615,0
73.42789830041599,5.972072578835274,13.145447953151777,0
69.52757702522955,1.905392022123269,11.463324463253015,0
75.74329072979003,7.165382107774146,7.797300034086886,0
51.97147182659148,4.057750696364243,9.575411087986458,0
79.76091098451488,4.812727622521658,14.794965422923099,0
62.96399407038599,7.65159329508438,12.200643440517597,0
91.12891308937898,2.4256728628315,10.026350964694444,1
49.66218272865648,2.2057636297740175,9.286950049117047,0
86.03945704747875,3.8328013473079903,10.229827211354978,1
62.96866175193972,7.076757702038633,8.46470932617309,0
50.22872994578327,1.9613078490463152,3.6857514828429565,0
52.741712489185176,-0.6643111962211377,16.12653373160419,1
55.1947903770852,4.097682283182002,10.465974997598204,0
66.36248919602875,6.103481599821841,11.194441795367611,0
67.8425323205325,7.400523499477659,9.826276750369274,0
51.394499940921314,4.073677275829202,7.794649597826236,0
59.634681116085254,4.177146785767995,9.442226557153688,0
92.13405537917795,7.307801468511494,5.201815713417067,1
85.91314755151066,1.2605166006091588,16.831259494159916,1
66.54485504511048,4.222958449633982,6.296464004732812,0
60.570052172523006,5.380847779850115,6.904101148458461,0
61.80046990077392,5.898437442570069,8.679222386840799,0
69.20276959095625,3.9803866136182346,13.864227174557133,0
44.658111522023916,5.068882023411683,10.043526997787962,0
56.139351938649824,0.02334529317402101,6.291592611908612,0
34.97123889183616,3.6835031753323033,13.76301508227202,0
65.98834683907918,5.9070174251089345,12.193001880356444,0
69.70793909554112,3.035411931490641,11.615304871649357,0
52.75220306550939,5.117968443179195,12.147202723512521,0
83.6098014493505,5.893745001605396,17.183085701747352,1
41.61351505496488,4.31490159828447,16.555284685108337,1
38.0343767968527,5.340927541993142,7.939853970990114,0
63.36677727839958,3.0745348694307753,14.871654978433456,0
75.70647453918232,4.586777440607907,11.1495045692767,0
85.25891537186803,6.220432339178445,11.497287448413248,1
53.1167360569659,5.3139459219368685,4.923187505070015,0
76.18021250146944,3.826937460872129,9.488842703835411,0
59.422372957489394,5.448432808581586,7.561529228990305,0
57.41059050088771,6.429219581273236,12.484176444679928,0
73.25489906230008,0.900117442845044,13.213241501208415,0
69.78484317620129,7.318148129911796,3.776540946951066,0
36.35411764523626,4.327490522637856,9.933895407987189,0
82.14810524588844,5.85097986648046,13.365584514382757,1
80.70137031221176,7.394493847290455,9.439963113059665,1
50.61655947735706,2.256652605539068,12.187190935007093,0
65.93705300156114,3.581117995144907,11.053496402881253,0
67.41045279424108,4.422902608248591,11.024980695857879,0
63.910106487358604,3.432492957751143,9.186055065795108,0
51.7454226923187,8.469873151673617,6.350257587592871,1
49.92564948092922,3.2864558123464143,6.635409557724918,0
59.61668893512832,3.8889064410262666,12.128057543365951,0
77.59093528889048,5.408778063205953,10.05837476655665,0
68.15400231891648,2.5957009478478223,9.584463266178325,0
54.44078501870841,4.2086385764874725,8.728329873032942,0
71.57548065972517,5.6349065225003505,9.084433463557744,0
17.27186069054887,4.334279191234978,13.140735383464419,0
77.23148550558156,4.8132262822001035,8.99426775439592,0
33.904293318328506,3.9413357751032585,5.976805860095293,0
54.563385878953014,1.971059381638466,12.23095532662052,0
43.20495158060784,5.643186422678477,9.385370008405848,0
40.57977786418641,8.509866143294483,10.09418759659833,1
77.41240181067779,5.0368032615668765,14.822734919198531,0
52.98448198032163,5.450528234495099,9.938318327948478,0
65.19755822596073,6.385445510233719,10.867551019356176,0
59.29619131681224,2.4613390069066017,6.4632295261050245,0
67.15561240834683,8.405029316259212,9.34099164294712,1
61.15232836590383,5.404657592845604,11.828578135625804,0
40.755116637171454,8.263713798178218,5.333878798476273,1
74.94400229170711,3.5339340089520213,10.602535279347128,0
52.593651252580315,8.63612384511565,10.302373217934418,1
36.651271520103734,6.550310988069566,10.123862366762317,0
53.578272585511314,6.106080171704717,13.11147669597473,0
82.51139685951466,5.468048908706296,11.003315544545565,1
72.7533261317024,4.5029427638511015,14.434215695069332,0
54.77021798388211,7.401063316947745,7.019231453217891,0
54.76113443522357,5.280719739696094,10.407773701655044,0
55.17547423173926,1.0658605928256955,10.253400359169841,0
91.15121975341262,2.765627076585995,6.79223651873476,1
65.7290317834733,4.6283084956145055,12.868885006274038,0
66.45062470786604,5.61999796633111,16.974019917558454,1
75.45425181047763,4.8868230222002085,9.948981776548507,0
63.581837385397705,7.437941579587326,11.5150632648213,0
56.11436781268945,1.0977962719227503,10.253555427445981,0
57.05475226372533,5.28717587301032,7.859245990278472,0
58.92598110878904,1.3640415492256905,4.537719166593951,0
59.44166645235238,6.519424590968336,7.882679550713904,0
70.9144431545547,4.811082571115994,5.824124857144806,0
60.77918828710949,5.839219944048236,15.112306234177353,1
70.98960115823368,3.2722340788204676,9.654670918230282,0
58.78925129837126,7.558929863315502,8.962242012858487,0
61.17952785474136,7.083449328117703,12.667461474363417,0
30.026989732018386,6.167088606023775,6.634746691432336,0
73.74491512053723,4.740965506273119,7.699407885986343,0
65.19732713846989,6.159714570590264,10.204216807745864,0
74.97015164789478,3.586214864025302,13.086306974270443,0
16.556169327094658,6.711111318041424,11.505055135506364,0
91.32562057171091,8.298961788647842,10.744975427547647,1
57.90615557767239,7.141221119958372,10.234353205708048,0
76.62274225106275,3.540795060385181,11.200707566580325,0
44.401411093117034,5.722834634546206,10.604958715387763,0
69.19160857593855,2.4137169124827045,6.910083175669193,0
44.198766552395156,6.144780622351352,10.138237664899455,0
50.64346558956292,5.901206825725078,6.778934023246743,0
88.71047030800179,1.2603673209356718,10.243247628702472,1
57.1397639885498,2.6764323121752724,8.558056175535276,0
63.26149309769584,4.433722206512465,17.618144868348583,1
73.05101596033131,4.398280505718348,9.880316848744863,0
67.43522831958907,2.5810461291623894,5.787281301215234,0
62.256283577153646,5.777957458704368,9.597459367969225,0
65.47441503699338,5.502947217881024,11.558076236913664,0
96.05123377857413,4.611461736042961,15.02009183845757,1
59.13571804449622,3.488416999683274,8.231642800183845,0
63.016485700724516,7.097414252833127,5.25271607792908,0
75.75981594011418,8.310814226176591,12.450511034292944,1
76.58288899436975,4.032877032306926,5.858203882301046,0
77.8054545834057,3.7756661656903585,8.691533675477546,0
69.58095333043777,5.982415330823993,9.227138543467017,0
42.854926309042746,4.283941240506028,9.791099640099675,0
84.50147298451644,4.7212055986735315,12.067493371223007,1
42.804819104719684,6.479306303449343,7.949097153140837,0
64.5395319785855,1.1812878249854144,9.178812243499717,0
48.68586224970963,7.636604649705339,9.957188941151834,0
59.03792480110511,5.145361048658683,10.448793872556363,0
64.9314361545522,4.17701371087564,10.293481524123768,0
64.8203582317541,4.8215316915571025,11.30801732566774,0
66.32881131352927,4.924858710041037,12.531518528925211,0
84.20566903587971,1.5375973931101492,11.177902346952903,1
66.8030145227097,7.989876454906472,11.360756570527656,0
56.33765047064027,5.082651264541237,5.253330499760567,0
74.46130752432536,5.88600426089475,10.15068309749704,0
77.8420573338696,6.9030995411480855,11.438522644004825,0
41.58588277294511,2.9576750848793996,12.186823583711352,0
68.96100104774787,5.946943798070457,7.922947677298618,0
70.51759113466348,4.464717818202413,8.022882175334065,0
55.53654744960012,6.693541550432988,8.277697974149206,0
80.6356021996743,0.7455451592970093,11.60924169967403,1
57.7491661945121,4.801811399517462,13.101643164772625,0
61.88364680207313,3.7943586884320766,8.777619678125195,0
57.40392263574196,5.864525901268311,12.723886940881147,0
60.23368571372201,5.940088374736404,10.370439427493782,0
43.55587369657197,3.584748210355948,9.627142668512692,0
38.39923676108559,3.575652271647913,9.365847310546092,0
83.91757594837458,4.778669262885341,12.239834093806472,1
47.29557977522508,3.2067155453695837,10.97673345036121,0
45.129114758155396,6.683967390904254,16.82747628294291,1
27.699148295944276,4.261585599105108,7.443326071008028,0
50.41557378465747,-0.8139764386432828,11.554305106089927,0
40.153653098887524,4.250355886756388,8.412396970565462,0
84.63022740204553,2.9229123583120553,7.392139039034069,1
75.1472563401395,1.737448369078109,9.967398588895083,0
49.67774482233414,2.525146723554855,10.412057438221108,0
93.78653708016463,5.21881694366594,18.754520665180276,1
74.72648230487391,7.657281656496462,9.447562552950394,0
55.12752924737066,5.62636894772996,6.609463811545949,0
22.508914276896405,3.786993223568521,10.819032152483157,0
94.36413858886112,5.911808390341405,3.776079887360895,1
39.15641299854606,4.081819379562017,9.724129652187202,0
35.31901879564663,3.610799261673711,10.048075846885482,0
75.3385564801446,2.691274663534031,12.383801148835634,0
96.59628609508908,1.4963423864965617,12.92086674828354,1
80.76409227765777,4.22015258688111,8.489291143276848,1
68.4586368007854,5.316106979840264,9.5481579561102,0
68.92131512497929,4.80675265997022,7.7016375081679875,0
72.80123338170462,4.168066144105283,6.615812335576918,0
71.38392884680148,3.1085078786064377,10.929684338141904,0
64.21787135954064,6.216492383369937,6.179243354210202,0
61.56301655927814,2.36573616010683,8.75611929828441,0
59.06110308150716,6.552055827686951,7.014478120302288,0
48.690531166999854,2.9955659621465505,11.649049558870779,0
55.78987384699839,3.49512952529393,15.404290297799463,1
34.605647787069216,2.066429618768646,6.095236051590007,0
58.52490559807875,3.9971957062287267,4.440944551307293,0
45.17113339273624,6.950624916955958,9.625339343949797,0
43.44616024176344,6.031256176887913,10.047093387873275,0
62.698412267302174,6.95684422405607,10.655977920271893,0
80.880034295169,6.044285091867872,8.661038454296966,1
73.7747490900347,2.7926603429392616,9.398082103523704,0
36.442490945652345,4.338421551344886,11.102531231621807,0
45.15557795144494,3.439601741765075,13.121292677934516,0
74.11156781982324,7.661149808078081,4.134853689045151,0
45.26268909692536,2.606422707147377,8.893181682905613,0
56.63050275004463,6.787395378778221,10.641426381823191,0
68.25078148536828,6.785907740217539,7.246071686167792,0
45.47483317704547,8.659240403432175,15.1935088953019,1
61.580632592189396,4.1806268147410055,8.093770359313789,0
39.989617576226934,6.424644319160324,9.876121938978152,0
50.9794853407318,9.563303673077685,11.668066290526873,1
64.79672901213806,3.764716646132607,8.226145633594317,0
36.105093997024966,1.9299195049352806,4.460280856586749,0
66.60712106940599,1.2399799321844727,8.7140364192504,0
59.70543301609978,6.425424057722663,13.088321667781122,0
68.28734931625722,1.2336995838828324,8.989314619644585,0
63.358712010969924,4.255361894124154,7.460697095623065,0
80.46210644960766,5.874626374077922,12.777016628508164,1
61.87836753971861,5.370351073659828,9.007675311930843,0
53.558916883121206,5.850889728368345,8.469517559049349,0
61.83446254548426,5.444579711601708,10.44836826898993,0
68.14947043554582,7.557731626626786,12.312250628856361,0
60.732901054885566,3.095367238522406,17.14514059519764,1
60.608875368058236,3.6460097230829374,12.481708322972269,0
49.47012468289867,3.454681109458352,13.479519899165034,0
50.05648623673578,6.66038362372522,8.482101403036435,0
38.96092092300459,6.800797176790127,6.922395682091571,0
86.24365114780409,5.902450638637016,10.186994048857368,1
41.34205146913072,7.366987333779855,10.321509745778789,0
49.60642203306139,2.6439182652472386,6.7644617759062085,0
49.22389101646204,8.334448223102275,9.474116410287962,1
73.42386565416662,8.046477243424516,11.197952805157392,1
55.57575482561958,6.471243994491493,11.08118018505424,0
78.716131090106,8.56359781754212,11.512863560152818,1
49.897640636341976,1.6867535846444524,10.872894190412328,0
64.18491243335703,3.9511037274746963,8.478974022189833,0
47.46979420110364,3.5293930786360956,8.45829812005347,0
92.17723691660083,6.442958647514686,6.403145806018372,1
42.18602371455731,2.899718520795709,15.354325117555284,1
64.64731065340541,6.514990298674971,10.040351093857879,0
69.50665321398148,7.741072287993427,9.325440832615444,0
66.20698646177247,6.390405800167999,7.213623755642624,0
57.220685116834375,5.567502047323003,18.806973706983335,1
58.05268950399861,3.0242533181985016,6.780015903331313,0
60.657172079686646,3.306298067749271,8.71345622318178,0
57.79496997557267,7.499237810593334,11.24751050885818,0
74.45818675192365,6.558698007810665,11.800638897232833,0
93.15784502387027,4.921960961244912,12.873796165647052,1
51.637623224882496,4.164180908468219,15.42282552330779,1
39.45295530631383,0.9483842537772462,11.518472966382138,0
58.67576927473118,2.8582951626311224,6.831907600099997,0
98.69564006481477,8.822838174279447,9.229164624634656,1
47.944881480454036,2.4390888579950665,10.923497117541654,0
84.58675208166102,5.378959642442162,16.20467812451747,1
85.1655122111466,7.014887946390397,5.806583564727109,1
51.69617637438008,2.490154663995415,13.607729515675683,0
68.53474618777913,5.3694209495621665,10.53974310863925,0
84.42594934692806,6.87583107502131,12.513491605688442,1
54.313083885187694,5.0249986438145005,9.694015850092203,0
56.946294598464576,10.736806111333536,7.472702109621021,1
51.274786290770344,1.6628014822436095,12.252618338203996,0
44.778649039607,7.117457059767758,11.963293081316863,0
50.26083682400989,4.654396525207071,12.916170897219166,0
41.64089599856615,6.54384030967335,9.960086093864094,0
60.51125202388839,5.8826143033984915,8.200533930040452,0
48.450401534120374,3.533687605780007,5.323639014928475,0
63.50678867686121,5.45799278491868,12.458119804418219,0
36.66156530694559,1.2841970972034256,11.271668447331958,0
64.96320348321686,6.2064950011427875,7.102652101408122,0
72.50293442413387,5.596316931981051,8.384278980110128,0
30.093965361428168,6.277320337286205,8.599723564145679,0
65.61084854771359,7.116236650174301,5.551046704052745,0
78.41503488709938,5.735239680419422,7.546952810184599,0
41.855384719631914,5.296178839596553,6.598508929580937,0
85.08858580256555,3.2378633266774157,8.76256296433619,1
66.28528514049067,3.575558472701898,7.783907505011312,0
49.424822163623865,7.3734692403546624,5.1189852373997535,0
59.16346383513441,7.8726708114119575,16.067770691708446,1
68.37490368782584,4.523779127375892,13.757622193087691,0
61.14008087118617,5.092005494506548,7.662941735440043,0
68.08133988669553,3.190771250012468,10.817264189960829,0
46.1898961038095,7.34551369053489,11.252395269463886,0
62.54041236054117,6.330833647383558,13.57325756432043,0
38.79428254642529,8.882434872927497,7.544184920019764,1
58.33160907976949,3.243353845640522,13.276320351947279,0
46.44138537802815,4.243984201963565,8.356284087379194,0
48.9670508611535,5.462891845051145,5.99241278749416,0
78.54139762815656,6.292979075451541,12.172409677943492,0
76.36965180891403,4.568664724904735,13.872275272367284,0
69.13707181360766,3.254077819092599,17.763726920592056,1
43.61530852991132,6.762815057847142,6.40082420472936,0
55.25387325457797,6.442270725091163,12.096759055242366,0
78.19646549968775,3.16745179887255,8.7705962686194,0
62.12575370459857,7.7108856022109915,12.350076131572093,0
94.7899430997254,7.3403974183932075,5.588531346306248,1
65.89976759091557,5.268592994495585,6.211690672904307,0
62.880736747350475,5.159195724752073,7.672375530500549,0
55.363253036962476,6.108115542231815,10.236892137004254,0
62.00311357173423,3.276593859487484,8.076756200384933,0
57.712952454291845,5.060062958328165,11.97716303174026,0
70.62163015032885,0.6952329107816393,13.080683854773742,0
74.35053475191876,6.752911291005871,11.798732623736068,0
48.21015809238076,1.8770135551162812,14.856362918982605,0
40.03150569663333,8.006839656857998,11.24747988836603,1
32.456919403450556,4.3397598120671,6.349309868979499,0
67.61986990368815,4.576666036137646,14.09012954061502,0
43.449500907391894,3.7445321878309885,8.184531293182008,0
27.706641105712755,4.4239222521558474,12.73125549905671,0
65.82867906796446,7.837062690296073,14.721202649665319,0
97.39499276149186,0.024382686929841135,11.370064032191198,1
59.9089363269016,7.5539307721763755,5.511523560506051,0
72.57736161677462,5.676046962203416,7.245363500470625,0
61.22744037821347,2.585956704285569,13.968233400655407,0
58.51665520213286,2.8493752139015243,9.492631943071551,0
73.78614724481653,8.352786054416406,10.238720604826497,1
55.64588183717023,3.108986240114538,12.276473248490827,0
64.01088471107855,2.6932989788080812,12.08896858624097,0
64.8254670929402,7.274629084729458,10.836399437156382,0
49.978643195354266,5.677105752571828,9.373994886338602,0
74.88063524304785,3.124148846927202,9.061994662802928,0
57.37560364956887,5.433249950809238,12.57369647587403,0
48.66382260760733,2.9484946327194455,11.66070859320338,0
68.04764765355606,7.20164279684521,9.22809999814663,0
46.52298027313444,7.122741929746267,13.246336938979422,0
60.42271736053692,6.064012397643886,9.612897654610649,0
59.86321505033695,5.723322122494033,7.44501347699682,0
76.28843348747367,8.522376249734748,7.723087903289965,1
67.12047349319928,4.999372654776451,7.063777491070702,0
59.624595618822845,2.6362517491583977,9.182769950188938,0
72.26649448800431,5.898947825664614,13.70117283500858,0
80.8531132352597,9.172094099074227,7.584714456908474,1
68.36715459527794,2.9704810136282958,10.565427283054309,0
60.15528929765071,4.277074466612029,8.029931963117761,0
40.32245651474761,5.8328920762029055,9.219072876185688,0
44.02329505386941,4.892190301988522,5.469876364044243,0
55.421629434679986,3.035392839245371,9.338385312530388,0
50.85731696761076,7.243715712460942,9.418883860585114,0
57.19543045521831,9.640081444034518,11.620863832107085,1
60.849748873456605,5.392262918047814,10.669842739766112,0
67.94539131535096,3.1918634205279997,6.404823625143864,0
58.94251832911363,1.90207894989305,13.252594732130628,0
67.29752465739303,5.515951962442362,10.630909120665986,0
60.9671162221518,7.207754686632516,10.59518055153246,0
30.368001504691932,5.950335492990764,9.972452939844583,0
45.90996909271868,4.995192318162292,8.44672765833334,0
57.83868666417577,3.8214566964213876,10.653407019246178,0
41.85457885738339,2.8156727345638206,11.426765307785747,0
68.99893094994307,6.669502652649764,4.759312925963336,0
82.96126248515546,6.8275432427711715,8.383717487961713,1
78.28142777545975,1.9085404266185337,9.235159088789231,0
56.79835693604688,8.179677956361367,10.768511817082835,1
82.36089205274928,6.148142441788003,13.579933017781379,1
62.23001185803167,7.7991892902915865,7.684777556209653,0
54.94371043322941,2.31574450302977,8.506114459546474,0
50.7989600468859,2.268351689169122,8.46239766806035,0
55.462954702678076,4.702061380465406,7.595417229686375,0
54.17734772188157,6.005568853790388,8.958440514663213,0
62.55624333563232,8.592721645853928,12.312406659963914,1
62.40860971574797,6.4121578276302635,6.838493513906963,0
60.04569030230122,4.514637446375933,11.28344318545871,0
66.55407254619524,2.9472615846682158,4.8942933099449935,0
77.85969412179512,7.4600011454383,8.315986010673383,0
74.24331203161985,3.0705891484985703,9.011532099346041,0
37.726530473251444,8.256937109544644,15.024579018742195,1
21.691182976470678,4.431230700786982,9.175593085741935,0
74.01479866858911,8.181164145235702,3.396269579647245,1
39.49681952376868,6.357862580118557,4.003333279416251,0
56.62851897160975,4.726009021115083,10.102088759040043,0
42.448304609109606,3.9612072563477465,11.841312567369727,0
32.970293436299706,4.31818424530784,11.126367572881758,0
68.12194092307182,5.8566333847504755,10.50271031740297,0
71.3873274045397,5.154312992435433,13.486778792517,0
51.35234398909921,3.8123771838625897,8.381226337788606,0
21.134365617826354,4.668737179364736,12.684731668080476,0
51.806333276212754,5.1571540594383,5.103955344920748,0
65.8770600810382,0.7425318111703758,7.285156501185801,0
37.81632646838807,5.916336229577397,4.578875815204551,0
62.750398796687335,3.0405575505663864,9.175464097990623,0
59.77035226240507,2.69333519358851,9.861216348200973,0
68.68937249401633,1.6253113057785793,10.34230447667956,0
61.7937055262123,1.4122150042642194,10.185650058661405,0
45.40396588677667,2.2891049937754215,7.217340007564816,0
77.94857252496737,3.581958084739019,9.429277466760354,0
57.62205640459545,8.906518275053136,5.507659994182754,1
59.590431907351025,3.948240648209592,14.089686925396752,0
46.00098061390206,5.355500212536063,9.089121781305996,0
53.35076623212734,5.800962773012658,8.533341642868926,0
46.727959289596484,5.262130372431697,14.766820985332249,0
57.405809101148655,4.845113078548013,6.273260399352313,0
85.67562720213516,2.6094124728015107,6.623238657904093,1
39.421482856029655,7.901855096558424,6.711339025394304,0
35.79657903184888,8.614393287275771,9.796385854901555,1
82.06755491240412,1.6346826117546285,11.294894888912792,1
56.86014484272201,2.951942818227241,12.219026404353501,0
49.963908920101254,4.440379315245988,17.715985952484907,1
75.59857031094114,3.070924410179617,3.2517026373977087,0
50.91576690394704,6.011931106911731,11.82620676737325,0
87.39014570320404,3.543455595186774,8.328608282283307,1
70.16888807008904,9.330112135613206,8.24075455333368,1
52.68132887781446,7.381097188687193,8.140683615238366,0
92.35962319898255,5.42514806126443,7.27369098757608,1
50.914276154949924,7.053972526639464,15.053574503810356,1
71.13143058013961,7.211800848714618,12.526891981041707,0
64.48938870609737,3.8721050238835133,10.069587935672125,0
79.52611934098198,3.3675655109160703,14.053047257461001,0
83.42266795090279,5.156286125939295,5.462413104103373,1
60.4800622359865,6.7232722489958885,6.007884606007222,0
48.69873194480725,5.278120797306835,3.4660968034159367,0
66.89958214408675,1.8460070356180056,7.901756379630138,0
49.834269453718406,3.3943511120983154,10.485095580114258,0
90.20080871289935,4.852054272811244,10.308575733797003,1
62.04802996624106,4.84866879134834,10.448025733179641,0
54.52017673031837,8.945084353579617,5.766829506801755,1
62.77020458797362,2.228024115202004,12.409464227842065,0
39.793105657054554,6.011178483671749,10.718882554716993,0
45.42578942234023,7.978226216656579,12.199162844397996,0
78.00620861916639,9.542899490845592,4.321713467229845,1
50.14658581542906,4.191205153632078,10.93447257639337,0
44.296335259770906,5.982858905440399,6.436704280247419,0
68.04979128790929,6.139520714397294,8.808030242345914,0
77.78556231994496,5.390963463106582,11.60309469590915,0
70.784299659976,4.802309597521388,10.27328081876774,0
74.94071528708724,5.871950779000092,7.4453800606620435,0
48.64807367145809,-0.06449217043937061,10.018819468553255,0
38.67283999887235,6.364138980125262,5.40539405426907,0
82.5200047793323,5.2523558073239345,13.450802187694888,1
55.15980241736796,4.555050206443469,9.384147941511246,0
56.23750475317429,9.093724391439116,13.355649832765977,1
79.92291212773587,3.6501319624188957,8.42040493871187,0
68.3434501410099,4.193848021869939,8.42927203478025,0
66.83831658122412,8.983106604409468,7.707439640086461,1
92.47503517351626,3.3358773903002867,12.628521795079227,1
50.347226544297854,3.899769434126922,7.871706528014572,0
73.91760192121856,4.7059491531383,11.933786297245529,0
60.855196873456265,6.681468964259098,8.85264280699213,0
64.02888418294886,5.415605014706626,4.0721101003251405,0
82.92702639618798,2.4147493056954747,8.289057796640602,1
67.61753634434436,3.935662873745621,6.462675356911456,0
68.07444118574449,3.7852911335755772,10.101708171047013,0
76.08761005964703,4.845557909553909,6.42877679297653,0
54.52570905685672,5.851687317259659,12.77792530214385,0
47.4118549899149,5.836411511775944,9.726772418940918,0
44.327862089684494,1.4479764919031957,9.467212015723783,0
30.504651159359973,7.127881975121712,11.967676413362748,0
90.84310694910484,5.505137691993247,12.891720802227587,1
43.451874514174754,7.7690640951878125,9.939703744691045,0
56.68119564621342,5.888396654581344,7.686399101352128,0
55.84780050166619,7.202645915471525,4.678091151663612,0
64.61110046713651,5.933090622900254,7.94185072889446,0
72.23605818808946,7.692451512405496,8.148363260056115,0
72.90710232539618,6.044501272035557,10.32117235897689,0
51.25383842146592,4.804169507114192,8.96455935658592,0
57.49317429320383,9.544869440893763,12.063798916154283,1
64.2386992573245,6.778074244559784,8.161050186187932,0
56.2696331072468,6.147488842008826,9.828876499441174,0
84.1101836402999,2.447391166923328,13.551962329590669,1
67.36462427457377,2.4233847650729246,11.0254756418649,0
71.02316679074727,5.585430964283707,9.819887374934307,0
69.94321903001119,5.291042395536482,8.194166674194468,0
77.60210786227987,3.7717548699833676,8.100305809855069,0
62.7153233805556,5.28196539922412,7.448160241144157,0
40.5475207806623,8.17725385608719,8.376979402651301,1
65.99531927628962,6.390804949100597,12.266997516232944,0
50.22964659312257,2.7179829804945235,9.334335186123194,0
52.07074977375365,4.776982345714113,5.950680791856307,0
68.7954602813264,3.3900670382948785,15.30450787917935,1
78.57424607150453,4.224600167182878,10.959895573435489,0
60.319073651040924,4.172768668740715,5.779169798460492,0
64.63249518898445,4.044708834791989,8.67445321827753,0
85.53322416952857,2.4897292560532103,10.332659148485254,1
63.61129769232853,4.74469063696362,15.113776279892132,1
99.02524671270592,3.87878472630538,6.675662625223392,1
68.48264468447316,-0.8588973800045361,12.92812215806784,0
33.58855861266274,9.105944049003327,14.198459280917028,1
71.30012431656799,7.177539308433344,8.114037084776289,0
65.71737577324167,4.247398550150008,9.1674591434193,0
79.34629131124119,5.037638099481197,6.891072257878689,0
70.09772026904938,2.6566913053648764,9.389616576759085,0
57.92316024024339,8.391445755621731,9.890230076971207,1
41.635526455659516,8.794577389546223,11.978949994247111,1
56.86465114070962,5.313387456493049,13.27055041306134,0
47.2421931868605,7.047061288370689,7.755711806135059,0
51.29214825292916,5.350573557867848,4.098024807322016,0
68.82867606630914,2.3265491222481387,9.936265662171273,0
85.0485675652711,4.176353262072685,10.880612589905923,1
65.92007294734472,5.263855933543914,10.748253063055126,0
42.06175406947224,4.090904562513112,9.019980257472868,0
66.66904002330212,4.562693445129928,10.374256298991803,0
77.94947229968477,4.817200884981771,14.546334425056742,0
50.85325643520927,4.838243004269078,11.145202506887529,0
57.989742499906235,5.104516980994966,8.879894724990747,0
60.22032292093795,2.878789867206798,8.499406548712013,0
48.2265253037664,3.5659677017441274,9.490442926966807,0
69.72420650765788,2.4308314686000614,14.91021988549192,0
58.18577777088328,6.9556310993724,9.450097871421407,0
66.29298665860541,0.788706116319351,9.940616966437876,0
46.6876173329685,7.307180686633851,8.553059287191092,0
53.438125495148846,7.772698794525686,13.296950072325895,0
70.83572036741657,4.395638826034757,15.879511764234024,1
54.4075027186235,-0.20627417565459716,11.351839148294165,0
85.90445776850108,4.277378876065419,10.248318711356276,1
54.005457215780964,4.871631677422362,10.110348499522704,0
63.37027088627829,2.978803560142173,2.847079633642763,0
73.98886247809635,3.9695632123835143,12.235452592854452,0
38.724514006004526,8.060390397726703,10.40249924798753,1
33.587867820288366,6.329854324603482,11.285026151982175,0
37.11515528144858,3.1508717712438,7.865613417748886,0
78.93876155140774,1.8048016608091357,8.846629363068725,0
51.7221278116133,4.345965364780458,8.76692519049048,0
98.37298928502378,4.5730864412991235,13.064868952219117,1
51.53628602013917,5.9923983747266325,8.86372049019072,0
62.768269547955555,3.929366574864682,16.247980966329393,1
83.13164928851813,6.022999150723723,11.292587257045112,1
90.09139332238684,8.87030808012046,6.172952020012805,1
90.92255364954596,6.631002044888525,9.61436112024413,1
78.12549345889714,4.903822985338455,8.044974633530753,0
75.36093788717193,4.633699057893411,3.4168525905399267,0
68.88790423801774,4.286653731640257,14.798412820341369,0
71.67541614249957,7.361281824904289,12.109427626660011,0
51.732214255071995,3.745373108097394,11.599621953697937,0
47.72701674866539,5.090445417999965,10.496210980899113,0
59.94938313883572,5.102395803762171,5.853947293922687,0
57.447230662126074,3.9964316143769363,8.54914858133369,0
53.201579260090874,2.2550689042317984,12.525342324352039,0
70.44581171185072,5.645949007235337,6.846339910652492,0
74.32957812855766,4.877992056289233,2.404692051247559,0
61.32610329437771,6.00048093887314,9.318681976657222,0
82.16295121582893,3.9327993871216664,9.574727337917384,1
42.87466328799742,7.441642597626096,10.406690249244127,0
57.095108110804226,3.2464524375763104,12.18555593054361,0
49.247665190957925,8.424080568035786,11.912817436693626,1
32.0019507439041,1.5047269803434768,10.776309415731765,0
58.75978971235951,5.8695401291137825,13.586594164260127,0
58.17378737425075,5.950861365053247,5.443090657560056,0
82.70174614863197,3.4088858641182354,11.513745443432171,1
69.46217526832166,5.848787875722025,11.879615090010827,0
44.63719763506192,7.559037339520318,6.281313141759282,0
87.81138849501282,0.5663623212918711,5.491388173952832,1
78.31550543288029,6.005489614981629,7.762173620573196,0
68.73146555202923,0.01345835933984496,8.015375672454125,0
56.60273851725252,3.068670392953584,12.260258390507293,0
45.6084114491478,8.25833272980189,8.156383648926715,1
54.416898358934205,3.836435933215892,7.430954445156388,0
76.33122929556279,2.652240071182055,8.165098789916323,0
88.26879458901914,4.604124542030636,13.355897002462635,1
83.14865292408284,9.135812676327104,10.039130123130857,1
52.667258673205886,1.3366355055879477,9.462246923929264,0
43.205738500664836,2.897380176721311,9.669983503896846,0
62.113293703668056,7.994863366359253,13.876181002979568,0
33.473409516557226,8.715404687075464,7.752484820190275,1
64.84751571277172,4.7931375514194325,13.946524872820312,0
57.78596120551997,2.521894594946715,10.63148889676451,0
53.00945247197637,9.191687003618318,9.518741854073957,1
36.07945399099807,8.188884783498393,17.502701493802846,1
67.70400159854574,6.3578939755244654,6.833081530604211,0
52.009487405071326,3.37519530212516,8.938942721298982,0
42.451247464345684,4.901941318323926,6.302706282508,0
16.916066800775262,4.679279837910339,12.857385911608509,0
59.58727642424046,5.661702609231155,15.067566800955037,1
86.58377395004617,7.902002876262673,15.009768344213917,1
84.91888821821806,6.758834082274806,13.671846259438015,1
53.14355615120592,2.8452478460304835,9.407138596612103,0
50.966819094573296,7.752992900039075,8.90427706753046,0
67.03161384112536,5.6262642800263105,4.986490682517805,0
45.02421841217563,6.374131591717832,16.107620605545378,1
64.52687849729199,7.933081718557206,11.406934234445403,0
71.49120417577035,2.7768395009728977,8.52412928539155,0
78.40399835826462,4.9283488425870745,13.984170666960903,0
58.49768885280071,3.93709089728157,7.081706449719997,0
56.94489374734551,1.8642811492690883,11.219866102668021,0
46.830261198651584,5.69341995520984,9.482112597127497,0
47.5967946894021,10.023113103168846,11.916031419640902,1
56.602816621477096,1.3198445109884944,9.809279382441636,0
65.51048260224267,4.93543877790106,5.647216326666327,0
73.70376939349875,6.281085870149547,10.226729118010114,0
47.95231573979483,5.246156403312362,13.146592425626086,0
82.39032853439282,4.773743894968519,9.912350782438045,1
55.93314598436147,2.4015672731083515,12.325345364767259,0
59.67949058477346,5.465573485880327,6.863411542977841,0
48.79182481278265,3.4864720459681475,9.921217620190443,0
23.636396095905873,0.6201565900428934,8.126468634734268,0
73.26068094541574,7.389184441027462,12.240942520314128,0
71.0526584563865,6.916771639684085,10.094474686785988,0
55.780086643226795,5.103321953702159,12.070221029009838,0
61.00486075837308,5.458149376411405,13.263131278473598,0
67.73908826556149,7.148636025431123,12.074855725364165,0
36.56181214670186,5.448679313556165,10.819355302880933,0
52.06420983980558,6.808035109522629,7.005363224465784,0
71.9139701943274,4.4050355982523,9.991641667999296,0
41.18565865246126,7.623967477147893,8.400728793952501,0
64.40336898249944,5.641571451865368,8.96780812988732,0
39.65127293064893,5.388103887211748,8.876397547749248,0
66.9964497365029,2.459877822575936,7.060223275653266,0
59.465377765537745,5.573911708603418,4.12798423259803,0
35.77302276141736,3.3360901650110977,7.9955708550167,0
77.47109031685757,3.723434546943012,10.580138355772478,0
48.981126348029264,3.369248743367758,5.955468863717529,0
47.84621344478428,2.86753013620155,10.047046709414873,0
63.008537958464146,9.249542806033922,15.700805272932893,1
77.22956024143073,7.662678123976806,13.069169665756718,0
44.762672715324044,8.840735004288522,14.930624527361587,1
60.92519774771957,2.554209960888872,11.17338363079818,0
66.4322475049586,5.142507499821785,13.502529468959338,0
70.39658410894717,2.4129847495918084,7.8281058085966375,0
62.64662332915838,3.608610245605872,8.066979198934048,0
54.494582413750166,3.1637460331668503,1.7825793815875812,0
47.5861466902692,7.4791680128831235,13.558436422126897,0
61.292158245695624,4.20754064379648,14.620971939459658,0
43.9179148202159,7.136758667388033,8.34046826395819,0
16.17974274758089,6.208241779177036,9.238144880808294,0
66.54839706236501,9.607277504209577,7.738413658927115,1
73.55902261629294,2.041111553720552,11.147960654432474,0
24.55601346687242,7.518466479573598,13.374797635909722,0
44.854039429350934,7.292881740801455,4.771684078356877,0
69.28731391507796,3.0532423239459305,11.228315591926757,0
90.86243204567548,7.014266672946319,9.169984684842564,1
60.31190561513112,5.672289926052458,10.340183175900068,0
49.07995588156298,4.545047480093184,11.376982005022873,0
57.256553383427395,3.3521290260560006,9.435392683681536,0
80.62314628722277,3.561781097101628,9.689239439782659,1
50.310537313131974,9.099624191571852,9.358374497336083,1
48.0121199002462,5.001365637914965,12.910948605364844,0
52.758847167269515,6.564260003062918,11.25627988038249,0
45.70007087611931,3.4182012366648937,10.661750613212082,0
61.84005473992193,3.4402941075567224,6.187144836723152,0
84.3701768770434,7.163969618499884,8.864260770360538,1
64.84618909674043,2.3008475768969356,12.696007481017523,0
56.21469746810568,4.169572464189457,10.113089719371768,0
55.62283096626684,5.068054822144464,11.978594408767416,0
36.552137869550144,5.2227452036801045,15.2995354009829,1
73.24664665720738,4.641813429967687,13.11581820762645,0
58.83244204480797,5.791639562191846,10.279475013099226,0
57.29280129614062,6.385711511635623,8.46703248941282,0
107.8966135176729,6.46927509091866,2.339351211832305,1
64.48129362548529,3.0283923826643466,9.494845232581442,0
48.72313424857224,4.4316898041424055,9.021962512549452,0
53.60463605691685,7.389525723753875,11.171098583186128,0
77.22668563795132,6.789294375147745,9.538284319075938,0
61.69905615806647,2.254281097037872,9.038844821689617,0
38.4258303252395,5.702959800704403,4.661803208478338,0
73.78843401862805,1.0435495012503795,7.180096512549801,0
49.97783871691509,5.0938698041207395,11.429953122401672,0
88.09946664326318,8.795534033491954,15.147722893398083,1
76.20072098571973,3.1042145654620272,9.70742384876313,0
53.29017156511873,3.331353909016836,10.98343322072237,0
79.2152454260267,6.528059563145719,12.857434470858415,0
61.01783265791105,1.9143969695807082,7.56731819139925,0
72.79160512683329,3.734489940229922,11.100442129856326,0
67.27099225941713,6.192882275163505,7.7785296810035245,0
47.3046501751369,3.731428304621194,12.594473315473035,0
50.346752515238066,4.528060025578057,10.454209143855199,0
75.44941226371742,6.488371420630069,10.89535544194432,0
54.97837001840189,5.843092167073123,7.652204207744233,0
53.94527305137005,5.533636792590804,12.121097078832355,0
45.673161309759706,4.321755441459922,16.25413876369305,1
66.35398598390192,5.740122230537911,6.976264913715381,0
90.93787378864718,4.752534639800487,8.980722977057429,1
43.9870062861859,5.915611219851569,10.694822422504275,0
60.36329185009137,4.006135949764044,12.35921863598745,0
81.18330833123144,4.634862051240917,8.321361144131593,1
58.805379131314275,3.0200844148959725,1.500909129571781,0
66.78557694374601,4.929984779987528,14.077568482492076,0
44.0640970777968,3.3779982727423103,12.281518358752429,0
66.42460645811472,2.7719070996760133,4.771157408540005,0
57.192836024931765,5.517322295710776,8.177293624661331,0
74.78594993519795,5.425479551715321,14.704547288581978,0
77.81079077347127,6.565747469897145,14.343389255373598,0
98.84345463027921,4.137748860849802,12.815920068036835,1
68.69449759820364,5.816105693673512,9.471662698120412,0
64.8869447487325,6.101595144547327,10.24896225643753,0
62.91576452366004,5.889547615663189,9.60722258462162,0
54.702505607839676,3.3486926343957157,13.384719349806513,0
65.07725765192536,5.298726964542378,7.37247278051467,0
55.56897884791456,5.728280592109323,7.582601035347386,0
62.52691464404421,5.0143569338158835,13.030823760508047,0
79.7639630341194,0.8270446832578306,9.866915633465315,0
44.90186152080538,5.32097924794696,14.135402066361424,0
77.09817841693568,9.425062078794484,7.985463379058363,1
79.75672601009798,4.279921462486034,9.835664918983525,0
58.22897209513382,3.543845804289358,7.23276104546814,0
28.172176514871083,5.746697119422796,10.022088044270701,0
50.882670193583515,5.624756420933143,5.5643591890036035,0
79.45491819841664,7.385470330832829,8.537099737135112,0
59.656979065516765,2.4842636881822244,5.691238405215646,0
45.01046651557634,6.462760505149985,12.081769699573774,0
52.42837618157674,6.180844122502927,12.149768019278955,0
72.60930039756829,4.715706926118908,4.809211808546965,0
68.20100352302069,5.67737463584338,14.001657236501718,0
56.416018512454585,7.058914963196715,17.49224537925956,1
54.49763382277969,6.744630760056901,10.138019160209023,0
54.12362776434267,2.7139613758525427,8.076657219326066,0
46.163847232522464,6.640316373510969,18.472991773009138,1
84.23063534204162,4.870622789934963,6.043094505092467,1
55.1651929618299,5.145748196031031,10.060319400607295,0
78.25737781238244,5.146393982003389,10.53886681789577,0
82.81974077883677,4.69951402240348,14.035442861357243,1
74.9746634722194,7.38341499421413,11.079216925380365,0
53.52569530922928,4.832564080301576,8.504098312634646,0
66.05595135504915,2.7609077432336626,7.146446888836132,0
59.63706590413626,4.212940288060542,8.974534539261594,0
46.44447208904808,5.357389433620951,6.979217917164568,0
64.86538922582405,7.4584295685941004,10.143475959354049,0
42.31440313260296,6.206189369897667,8.30741146041854,0
77.81519082692346,3.298929442505912,5.517886620130748,0
53.03074054052411,9.970379833357782,13.765437365124711,1
63.01739483809259,5.529550621955959,8.506982429712881,0
64.24931807319213,7.550781475998029,6.195589585074062,0
56.11642539443884,4.696571132845541,9.495222596537376,0
68.80040702212912,6.066718489410899,10.205114697902976,0
52.876445150662136,6.67893700903681,4.760599823262899,0
73.06945946185866,7.436389423508512,10.994943001377289,0
39.81030479629877,7.1147366107564505,6.858527293929207,0
61.89569369319618,6.744394000145956,15.133086427572362,1
89.08393498587427,4.369826537611782,11.571881536230205,1
44.995030130916376,3.8565079160878772,8.80030002967205,0
49.83382544212723,5.665215020648395,7.764496689047949,0
67.70861774488372,6.866256144682138,9.685096877309128,0
62.69372672909397,4.554558598446786,11.838372224749868,0
65.25945148910338,7.130343931428773,9.923517614244401,0
67.33780695221495,7.905233490972359,9.34852357858943,0
69.52082202842655,3.1673581618531603,10.175110872453686,0
76.64549762934334,3.32615859240744,8.188423206289135,0
66.14727985392769,4.719249882189327,8.970382219470887,0
56.38113518072186,5.615225336378392,3.7426226832849885,0
70.08860551804096,3.9508659724658983,12.921178692557103,0
88.49822902342824,7.704405357734289,10.896393340965286,1
58.010493804261394,5.848133723036902,7.67963246789971,0
45.38206042994038,5.078894096481479,15.696204944065716,1
76.60621003930459,2.128180952262945,10.26104944117716,0
58.19428254069603,2.3683683671449858,6.89156928407441,0
27.409956809789456,5.562018500563613,12.570212264411374,0
72.71132515725633,0.7348087476903276,11.194144649527788,0
51.97007721069116,7.025274819288144,11.183739956452659,0
58.64200076543759,4.683692311255359,8.722733186045229,0
64.97970495853522,11.486185939189467,11.351487171334105,1
62.857495196685996,9.615832501232221,9.214725129336717,1
70.6417772570856,4.637101861504966,11.667824354937526,0
53.46770444145235,4.78732599493737,4.285166637968084,0
67.69658697264124,6.99116302800406,8.698379611062432,0
56.106799836241244,8.406345219836076,15.166465293424585,1
71.08215721331254,1.7239418851279664,7.698797633799098,0
69.23051226019581,1.4272490692906268,8.18848510752044,0
45.96841946933107,3.755930388891237,8.656115984650075,0
76.28973174262549,6.165475166347729,6.355581592334071,0
51.96054832328928,5.993747181015194,3.375157671315243,0
72.12086697421718,7.1395429099677,9.308240804429161,0
65.50930970102011,2.6006049432693836,10.40757827224497,0
87.57275515192684,0.3677122740622467,9.842484794384044,1
56.64801026442222,6.716028390604291,9.565364314156339,0
54.760248058227035,3.343607454069531,10.129122612551162,0
59.708705911684014,0.9630242712227242,13.068524414652291,0
55.452303257485866,5.2901274919187635,9.42866144221235,0
71.99912852913076,6.586351376437355,8.27775226873819,0
35.75534087345118,4.755885735757445,9.15662354533574,0
44.194763712804686,4.084303227635021,11.738040279270328,0
43.9829561763121,4.6812755357081866,14.236080635629747,0
74.25461387960364,4.258834475198435,8.115568782492465,0
85.65920058872888,2.3039057761196657,10.29680136108665,1
58.433261721937924,3.5706386460191366,11.015072325807878,0
57.46767415214984,6.042559810027629,7.022265979813531,0
61.050782446697724,5.643357082753,10.061251501638754,0
77.42817453912286,5.336119611933641,5.6029784279737145,0
46.089702987141386,3.0097030362932413,4.692849088781804,0
63.57553474102178,4.636993675728665,11.100239223676772,0
74.62796444673644,0.6458699071142906,8.848375776007652,0
67.51641254909768,5.356953327770779,10.606841222863657,0
62.843724248981154,7.857715415627135,9.94631506897495,0
75.01569138850712,2.0517357359157886,7.070799854008608,0
19.451515605011444,3.8281446533644896,9.86423709410699,0
70.16812979296361,5.658213557420259,6.300696084955435,0
50.188864753088644,7.505685268854967,14.172917074004202,0
32.54050654715314,4.103550767399701,5.9320889654201086,0
67.66803899287471,3.6154993414682073,9.412644187094257,0
80.60487817744436,1.0621537151678337,6.873185235858255,1
57.93827228058462,5.206876258616213,11.711263520082387,0
74.29311820804408,9.084152080287488,9.005705886155491,1
84.18417386982968,5.554716923929352,8.44399984113637,1
79.72371680376071,4.9554420416325735,12.559604635154663,0
84.59946794057089,5.644164621533971,10.088291775032657,1
71.13191236607838,4.977815992102796,11.549933337807902,0
61.13150458352389,3.3739712554797405,7.056022190447606,0
35.97051282154247,6.646559831355411,5.7855491682174796,0
56.30906267805077,5.4515230462235085,10.3216238861204,0
47.35130107025712,5.035226503867315,9.043460933515806,0
92.5641407624672,3.0492679454435,11.879304017361832,1
57.36171281351495,7.607015863869519,9.760274642012352,0
61.848072101767286,6.32940549066622,10.61522601770389,0
68.27228064060701,3.894158325265396,5.1298524101762695,0
60.654036695586804,7.003649707363874,15.66531081884277,1
85.4257656064613,4.004858323229586,9.507274044903905,1
50.66025957398322,3.4359930149779263,12.092760911017598,0
62.91911182855864,3.480593765039426,7.491724989341121,0
48.86294121452927,1.4578628938238176,10.924029706652023,0
40.19966233168941,5.9430847608364115,6.091465709425764,0
50.82346363642072,1.3377102433232997,11.356203514779013,0
59.44444804427382,2.5431123374684748,8.932077746842502,0
53.5604666322411,0.8488239818429335,10.087571511806702,0
49.61368530189216,4.8278606144182135,12.093922090390294,0
38.90523804492249,4.699359079456256,6.302379066339159,0
58.75341641056958,4.346607573627272,7.946524808161609,0
37.42919438953497,2.9148446106588475,11.371972843260297,0
71.40083945534404,2.65553249312672,16.294664423640242,1
61.23659629401755,5.928739727093149,9.585752996015554,0
38.13672750802604,3.8988961365830246,11.773408353771798,0
55.36186384425205,5.632716643072289,9.67908559042456,0
48.71765391614125,3.229502627751555,15.826736784268899,1
64.78761765628771,5.3621254855421645,4.758334999104234,0
80.10675669034717,7.6065560746321275,10.283863134008074,1
31.87241295531383,6.172331600785567,5.123367899313817,0
61.72539118721126,4.1751723635670395,2.48028528838985,0
57.59800806650039,5.514397940711855,10.89238615935345,0
70.07010114675698,4.518669650939574,10.418493388442377,0
63.19794942356533,5.015760369389456,9.145489186773396,0
48.72046002391771,4.348777895702993,9.68141772988074,0
55.214190965000725,4.671329588229217,19.294898302213774,1
48.05961214794766,5.42418670614835,9.225474585905697,0
76.14010707897897,3.0132826008360984,11.530373083750224,0
60.319674730079136,2.9682423460200433,8.051905541158357,0
88.5178602862951,2.222914892337578,10.88569772512181,1
59.090087792780686,1.7994577909925802,9.285298974833147,0
49.37389849634306,2.5654346155590413,8.76844455181081,0
37.294284110807595,5.318925013608259,15.456695596600975,1
32.95290485616083,3.214424969016232,13.531554889553018,0
36.23796085491765,6.0272289284621925,10.410239942197691,0
64.00689976517225,5.0694274975051234,3.087364192168099,0
67.63087534844901,1.0629915731238926,8.916972330242292,0
36.282139469518,6.30995116844338,18.10908269321525,1
73.42557471114173,6.62159729118342,9.308015000080875,0
52.75408422474841,3.0122746503302933,13.309652716160974,0
62.20189517978324,5.840383085789983,14.325827205857802,0
84.18330942383136,3.287003525181602,10.656891747567926,1
73.45258973798298,5.195340753496671,7.474535104395543,0
55.97204028141252,2.4710031860900687,2.694063004651335,0
46.63211661877069,1.4137870949308464,12.052489625826864,0
27.722768980060422,4.234365620774063,7.555731991529356,0
49.212700211363696,4.752542107450328,10.528451355663076,0
56.83304641758458,4.204640612770792,6.250538981231908,0
45.19230709273224,2.631938883554881,9.204287378589393,0
58.031145493615426,4.200201875737726,10.10115716470316,0
61.15277824438152,5.538589505161468,10.805780743132894,0
56.627160272878825,4.910213939754926,6.655533437942758,0
50.249961287648105,5.365002061198426,13.590732846284057,0
62.529820079500915,3.6597695990915344,8.209315645804086,0
66.62910974354114,7.34343582943232,4.976591618640264,0
43.64401383835731,2.6476533268904388,9.672929740109609,0
81.16398569619405,5.975120594173437,10.10312592707938,1
58.521178015736076,7.3637821859199235,10.481768299515279,0
60.28274434417271,5.961816185497791,14.086397211055239,0
70.62321634884836,4.59495154587034,9.290653489792422,0
63.49824196895253,3.943405906674042,9.641141126893686,0
74.29704950869868,7.072175302092512,6.69044685630072,0
64.30686247802737,2.154050149476654,12.461660508663691,0
50.81343938039343,3.059751479240713,10.55292719223431,0
65.42255287809152,4.204884469016557,8.739916818117512,0
42.844106890190076,7.475307515023996,4.285975919603609,0
61.62839558664785,5.759535272081792,14.333236585165263,0
59.50155014033309,3.0639084829795094,6.316960106631829,0
56.8782471409119,4.379384589230193,8.226165971890882,0
58.07193732841604,3.771353711807411,11.075033533228009,0
31.772264317535413,3.58042201553293,6.41032621414994,0
51.76912638388558,6.957779117113558,5.519470665240569,0
61.39267351711672,2.2565137414729888,3.6281572518980054,0
62.397845879961004,8.217561711468747,12.162990858716908,1
44.58487288611063,6.656459380369245,8.364441265821034,0
78.98561761297051,7.181723341207396,18.78181027741999,1
47.007377276782485,4.074120975949484,7.01693480310738,0
74.54185800790106,4.700118561841781,7.235646929713236,0
66.40791542807527,2.133696370950576,8.303821089143796,0
50.30659035234295,3.9506751858663938,10.729403965415468,0
86.62966338914268,5.987309695286302,8.589389983644066,1
42.095447523652794,7.592126123562792,11.836996642007536,0
73.78731260415002,2.7856863663950966,7.064234830034037,0
75.00873477064468,4.268988126029468,5.855224844609257,0
49.94069686385033,4.697401559534955,4.605355781772678,0
80.88697950096493,2.2084215956150297,3.3292774961884097,1
56.24930228101571,6.1826984835168,8.44579294157483,0
64.33040443919785,3.552019336514782,9.097059062820334,0
63.90482758156831,4.609219297645952,8.10568891755045,0
57.98536887794178,4.096101256176245,13.730217391561485,0
72.16212409739673,3.421322988560651,13.684090628824405,0
71.9023308082832,4.985910029038891,8.995591037666495,0
33.772020401427284,4.568780842863955,4.618236660424111,0
79.56510364317229,4.256284235442669,8.299884675834841,0
35.062620179464886,3.5430767566393144,8.200535818248817,0
75.48819306512486,5.639049341565911,8.028595113165826,0
76.90057705241375,8.30723453698457,7.906843288305265,1
43.63550354677203,5.279774465678255,8.039611312825578,0
53.83778568068123,6.992236429822258,8.84037515230672,0
43.41442997271096,2.2195561496930747,8.09337670355333,0
56.77618454566897,5.315522878587539,10.624967525876777,0
55.379485737213884,2.805263362057867,11.081106147714584,0
71.6949079840401,2.046150144936197,7.26806473845253,0
79.65463119179412,3.5212571850819274,13.8131959780211,0
80.93525716184934,7.383798668827145,7.059813094478157,1
51.567479601325466,6.900031657339291,5.146598158553989,0
56.86167189383208,5.4860094441088,11.142334214095156,0
34.74842711668575,1.9345988802201384,7.54777559675698,0
47.911949002557165,4.607438697224127,10.963874412272164,0
74.47277449646187,5.603400017803471,2.7889941966984093,0
84.23374235322348,5.351072459157196,14.177367824449203,1
41.48476692180117,1.3124128330385085,12.016880224121206,0
51.11303611270659,3.2193643039602566,5.4985703525109955,0
59.603913645616096,4.871844471702567,5.5636686284611425,0
64.2024173822941,6.072581819034379,15.016797712292583,1
47.85594720117531,0.6077443578001072,7.787860289506124,0
66.36091566696135,4.675752049040283,7.497445453802129,0
52.89240979393626,5.286097539757905,3.2018437175521512,0
59.78321593682581,6.6992239770324264,8.947665383195337,0
68.19426372005549,6.385715168474873,9.316841155492742,0
60.09633404716407,6.165142637617611,12.146479290308456,0
53.45421164210147,3.400118986596132,5.802764715446574,0
58.35585294111254,1.1839957257533849,5.439139623278171,0
58.67455561191997,4.213894485877198,11.35288790432943,0
54.449834551768085,7.00326365041712,13.020190213681195,0
56.11805905999346,7.786909055048863,5.2865429466463505,0
83.97970755757075,6.4210982045955705,13.244542258899223,1
68.41379171911858,5.858681645603468,10.112625524460464,0
55.56779522956259,5.759279296771931,13.275416017223936,0
70.45431606766104,3.887762506478439,9.78933891544715,0
54.99270765365985,4.73987941289276,2.433166247536149,0
77.59686956379961,8.338139051652663,9.544097853051884,1
65.54463288297141,3.1148839884162474,13.18043145601381,0
58.39046783993657,8.229557581419703,7.318761942748857,1
66.71575388715416,4.3559436910158835,8.836105093277643,0
36.43685771897251,7.650864218190157,9.471599489347065,0
43.09848796635292,2.1863699810049235,1.3014583603945553,0
42.091124904014166,6.171808402329298,15.014042726312429,1
62.1441464214556,3.526459728104756,7.295872960308476,0
85.98772499227638,2.169465616151625,11.517206297418397,1
93.46950219288948,5.437068084821892,9.739896591555373,1
69.57076652161136,7.018943577191937,13.77285716907808,0
67.51266712416685,3.3101171228130073,11.218168367284242,0
32.984133987708915,2.0019680790831975,9.295227185437076,0
51.859893003989676,4.81631047133009,7.31945472244216,0
48.183243721376414,4.825129342445638,12.393552104146416,0
50.68728602623326,6.096639255108998,4.37967608813615,0
57.47784272122816,6.899189142728977,11.937671260827678,0
52.91864133454309,4.881169637455012,6.702865745335382,0
30.310502844363185,8.711006629588526,13.75685098586992,1
71.218653841763,5.448469489070583,10.483898627988085,0
43.9088546139029,4.307146987986201,11.932371303550326,0
63.588702961667245,1.7768652817943442,10.245966441474158,0
91.1112400462496,4.474680959367665,4.74286871457701,1
46.20923112620365,4.327226109177728,7.417812509813984,0
22.045687158805052,6.920609592562941,12.017168012834148,0
55.70993667179834,5.924967248133708,10.499967452079533,0
76.51439452497857,2.6412617567347656,13.542969715917016,0
89.37521181330891,5.344508772822075,11.209823689111515,1
41.55675608321375,6.343062343458107,7.09989432789202,0
67.45048834854782,8.056062718775665,7.611807586838098,1
53.0203431482992,6.7750079348281185,10.308752171569711,0
58.410774685437964,6.521693308622956,3.0578678019996843,0
99.66515020525551,5.120171989230327,15.020325656868955,1
37.4554450740727,5.776624010846899,11.325240209132671,0
63.8060949224186,7.499009801412317,13.681103791146617,0
67.01539757648149,2.3344452050407005,5.258188177572493,0
76.2867948740902,4.301121345566088,13.733695481065766,0
61.46974730206343,3.4548625024875186,16.694496733083245,1
64.62075809256153,5.758306237452248,6.037364933868047,0
54.125271488673135,7.460444351301575,12.3142053847113,0
64.0369041186766,3.8060514265578522,10.00332983406188,0
54.85211586753884,0.21939126506112405,5.366698455255268,0
69.32357834784077,4.17555850995106,11.47865191555561,0
54.45584495934549,6.826947464034813,12.500809614512045,0
65.6565059085328,6.075259805899759,8.196620341993459,0
59.56105779472532,5.8563724956211525,13.49774956076567,0
76.89075376158252,4.44001339625104,4.999709779632407,0
59.229094146172706,2.4419385275604273,5.5157315606510675,0
33.40451297689678,6.030588643248935,10.409792186766257,0
78.92882251070988,3.3314363799307505,10.076155833916815,0
46.414015487060716,9.368193466760912,7.850279534727685,1
50.1935049202677,6.141014416709032,12.428783307915658,0
51.065080589347616,3.838703394892098,11.592682942647848,0
80.61657139756227,3.777229505222744,12.574417212802048,1
27.964886790319568,4.814111586772824,9.630590693943198,0
107.0662280048999,4.5209961559565,11.807740803935022,1
75.84085213599077,7.233667551059908,8.663049090910016,0
63.348583711937394,5.372832339488093,16.16145607025979,1
59.1765899907557,3.536736522182944,7.562362689634043,0
64.28331112286486,8.780881370311565,16.315892288374936,1
67.81683642569007,5.0986166630404455,10.104663841268225,0
69.67823378925085,6.537679351937793,5.873467331293772,0
68.33406699005172,3.7835469851104815,14.104238051465803,0
61.34371021882873,5.726231255489047,10.377704165184877,0
57.03992369539011,5.62221998228639,12.553372295140715,0
57.730900745197324,1.220701415807694,13.67156775562778,0
57.07637579470978,9.030550220921281,11.013866662435076,1
77.00655145300597,7.581288921845094,8.223277465561557,0
68.90335083421293,4.205609367708025,12.92714013300775,0
15.894170480035797,2.795460519088289,10.002266522363787,0
69.83851164794642,5.6951232276071035,12.057573455825256,0
62.92104292078162,5.173395398828793,3.5388082786256163,0
59.71936865331154,5.711337897126459,11.340945151029555,0
54.17222320366671,5.383154792388179,8.08424252456491,0
76.86169079979021,6.012481978611852,14.959928911535592,0
74.21289693184286,7.8946113987836135,11.869262043667286,0
48.40683498264586,6.136206410257293,10.71957323754789,0
66.10578430686803,2.9006890021801177,11.458929980050664,0
45.42514898188071,7.7251257054249045,7.004677441369845,0
39.305727528166045,8.281229126976575,14.869770071584162,1
50.59924163115052,11.30411346902417,15.974111255250714,1
72.93590208574138,2.753011933520804,11.17874053164465,0
74.2968756806413,5.48576402630055,14.771210705720916,0
67.6962813014594,0.8358025936220255,8.292555403982398,0
70.87643680271995,6.106298312758418,7.608659301325058,0
67.74267430672438,3.9035994036664547,10.122774246186768,0
50.37777607165572,8.846891589649907,11.304823115103696,1
66.47883817010911,3.450770059962836,8.818039956270638,0
72.00614287841523,1.6216339240654767,11.613304571105452,0
71.31436994720362,4.0574725185949605,10.919168446220242,0
77.83370057211964,1.049024457565725,7.005079674126835,0
70.62455770801596,6.50219890901462,11.556379052355163,0
65.27172311312374,0.8698339074873589,12.590584727564563,0
76.05225357474642,5.056915162366318,10.514407952771172,0
59.6021811112641,0.8443763602876064,13.457944309785077,0
46.771880231584234,4.359404390926716,6.347788619509144,0
57.553995540843545,8.286756311609068,11.403851266395556,1
48.82646032790326,5.72129578287159,6.4891578808096755,0
